User,"User email",Store,Amount,"Exit Click Id","Event Time",Status
"john Doe",admin@stonearn.com,2,,,,1
"Cortney Bode",erik.gulgowski@example.org,5,"Kerluke Inc",329,"2023-02-07 05:42:48",1
"Mariela Wunsch",rory.dare@example.net,1.5,"Weber LLC",163,"2023-02-07 05:42:48",1
"Alysa Kuhlman",scottie87@example.org,4.5,"Bogan Inc",117,"2023-02-07 05:42:48",2
"Demond Becker",eleannon@example.net,3,Tromp-Keebler,924,"2023-02-07 05:42:48",3
"Elisabeth Gleason",lionel76@example.org,2.5,"Hirthe, Kshlerin and Buckridge",953,"2023-02-07 05:42:48",2
"Sandra Farrell",jrutherford@example.org,,"Jakubowski, Lang and Rosenbaum",826,"2023-02-07 05:42:48",1
"Jenifer Volkman",janet32@example.com,5,Cole-Koch,609,"2023-02-07 05:42:48",2
"Leanne Pfeffer",elsa04@example.org,3.5,"Kuhn Group",65,"2023-02-07 05:42:48",2
"Lavinia Aufderhar",rice.jeffrey@example.net,1,"Veum, Jacobi and Abshire",258,"2023-02-07 05:42:48",2
"Ericka Wyman",fsporer@example.net,0.5,"Lehner PLC",231,"2023-02-07 05:42:48",3
"Maudie Kling",stroman.rosalind@example.com,5,Batz-Cronin,590,"2023-02-07 05:42:48",3
"Domenic Gusikowski",mccullough.abbie@example.com,1.5,"Batz LLC",49,"2023-02-07 05:42:48",3
"Haley Waters",carmen63@example.org,4,"Lehner PLC",363,"2023-02-07 05:42:48",3
"Benedict Stark",madaline28@example.org,3,"Lehner PLC",821,"2023-02-07 05:42:48",4
"Haley Waters",carmen63@example.org,2,Berge-Swaniawski,598,"2023-02-07 05:42:48",2
"Ayana Harvey",kling.colt@example.com,1.5,Berge-Swaniawski,493,"2023-02-07 05:42:48",3
"Lilliana Armstrong",bell.ledner@example.com,1.5,"Beier, Sporer and Larson",119,"2023-02-07 05:42:48",2
"Isaiah Torphy",price.richard@example.org,1.5,"O'Reilly, Crona and Runolfsson",426,"2023-02-07 05:42:48",3
"Lottie Zulauf",ocartwright@example.net,3,Carroll-Goldner,790,"2023-02-07 05:42:48",1
"Jenifer Volkman",janet32@example.com,2,Senger-Donnelly,584,"2023-02-07 05:42:48",4
"Lilliana Armstrong",bell.ledner@example.com,5,"Dooley Inc",239,"2023-02-07 05:42:48",1
"Maudie Kling",stroman.rosalind@example.com,2,"Veum, Jacobi and Abshire",16,"2023-02-07 05:42:48",4
"Evalyn Runolfsson",kwhite@example.org,1.5,"Willms PLC",206,"2023-02-07 05:42:48",1
"Data Operator",data@trs.com,3,"Gorczany, Schmidt and Rau",444,"2023-02-07 05:42:48",1
"Santina Grimes",graham.carrie@example.net,5,"Cole Inc",413,"2023-02-07 05:42:48",4
"Jedediah Ankunding",shayne.zieme@example.net,4.5,"Cole Inc",558,"2023-02-07 05:42:48",2
"Mylene Larson",anderson.lindsay@example.com,2.5,"O'Reilly, Crona and Runolfsson",575,"2023-02-07 05:42:48",2
"Jaquelin Schimmel",predovic.delta@example.net,2.5,"Bechtelar Group",64,"2023-02-07 05:42:48",1
"Reinhold Wiza",cordie.hagenes@example.org,4,"Welch, Streich and Hahn",913,"2023-02-07 05:42:48",3
"Randall Kreiger",lavon.kris@example.org,4,"Bode, Cummerata and Keeling",423,"2023-02-07 05:42:48",2
"Ola Hackett",jlittel@example.net,0.5,Batz-Cronin,656,"2023-02-07 05:42:48",4
"Maudie Kling",stroman.rosalind@example.com,2.5,"Batz LLC",501,"2023-02-07 05:42:48",4
"Jedediah Ankunding",shayne.zieme@example.net,0.5,"Hegmann, O'Keefe and McDermott",883,"2023-02-07 05:42:48",2
"Sandra Farrell",jrutherford@example.org,5,Batz-Cronin,965,"2023-02-07 05:42:48",2
"Maudie Kling",stroman.rosalind@example.com,0.5,Lindgren-Price,916,"2023-02-07 05:42:48",4
"Super Admin",admin@trs.com,3.5,"Hirthe, Kshlerin and Buckridge",233,"2023-02-07 05:42:48",3
"Izaiah Sawayn",vandervort.josianne@example.org,4,"Kerluke Inc",81,"2023-02-07 05:42:48",2
"Cortney Bode",erik.gulgowski@example.org,5,"Jakubowski, Lang and Rosenbaum",687,"2023-02-07 05:42:48",3
"Darryl Wuckert",jessie.bailey@example.org,4,Senger-Donnelly,653,"2023-02-07 05:42:48",3
"Benedict Stark",madaline28@example.org,3.5,Carroll-Goldner,166,"2023-02-07 05:42:48",2
"Reinhold Wiza",cordie.hagenes@example.org,1,"Bechtelar Group",565,"2023-02-07 05:42:48",3
"Parker Altenwerth",barrows.casimir@example.org,2,Berge-Swaniawski,484,"2023-02-07 05:42:48",1
"Citlalli Johns",adelia96@example.org,1.5,"Turner Inc",844,"2023-02-07 05:42:48",3
"Lea Kuphal",kub.arvel@example.com,2.5,"Zieme PLC",992,"2023-02-07 05:42:48",1
"Charles Daniel",ernestina.corkery@example.com,2.5,Lindgren-Price,832,"2023-02-07 05:42:48",4
"Loma Spencer",eldora.quitzon@example.org,1,"Rempel, Nolan and Walker",31,"2023-02-07 05:42:48",1
"Lea Kuphal",kub.arvel@example.com,5,"Schiller PLC",906,"2023-02-07 05:42:48",4
"Cortney Bode",erik.gulgowski@example.org,3,"Cole Inc",888,"2023-02-07 05:42:48",2
"Parker Altenwerth",barrows.casimir@example.org,0.5,"Bogan Inc",574,"2023-02-07 05:42:48",2
"Esperanza Emard",yost.marlene@example.net,2.5,"Hegmann, O'Keefe and McDermott",205,"2023-02-07 05:42:48",4
"Data Operator",data@trs.com,3.5,"Rath, Glover and Mohr",389,"2023-02-07 05:42:48",1
"Mac Bahringer",krajcik.christina@example.org,3.5,"Kuhn Group",155,"2023-02-07 05:42:48",3
"Darryl Wuckert",jessie.bailey@example.org,2.5,Walker-Collins,829,"2023-02-07 05:42:48",3
"Lilliana Armstrong",bell.ledner@example.com,2.5,"Kuhn Group",346,"2023-02-07 05:42:48",3
"Leanne Pfeffer",elsa04@example.org,3,"Veum, Jacobi and Abshire",424,"2023-02-07 05:42:48",4
"Isaiah Torphy",price.richard@example.org,2,Berge-Swaniawski,144,"2023-02-07 05:42:48",1
"Jana Hettinger",johnston.willis@example.net,5,"Beier, Sporer and Larson",876,"2023-02-07 05:42:48",1
"Haley Waters",carmen63@example.org,4.5,"Barrows PLC",396,"2023-02-07 05:42:48",4
"Oda Stark",brielle.predovic@example.com,0.5,"Lindgren, Fritsch and Schiller",499,"2023-02-07 05:42:48",1
"Evalyn Runolfsson",kwhite@example.org,3.5,"O'Reilly, Crona and Runolfsson",36,"2023-02-07 05:42:48",1
"Ericka Wyman",fsporer@example.net,2.5,"Zieme PLC",56,"2023-02-07 05:42:48",4
"Sandra Farrell",jrutherford@example.org,3.5,"O'Reilly, Crona and Runolfsson",318,"2023-02-07 05:42:48",1
"Isaiah Torphy",price.richard@example.org,1.5,"Jerde, Dietrich and Hane",356,"2023-02-07 05:42:48",2
"Benedict Stark",madaline28@example.org,4.5,"Turner Inc",160,"2023-02-07 05:42:48",1
"Oda Stark",brielle.predovic@example.com,0.5,Berge-Swaniawski,639,"2023-02-07 05:42:48",1
"Randall Kreiger",lavon.kris@example.org,1,"Kuhn Group",683,"2023-02-07 05:42:48",3
"Elisabeth Gleason",lionel76@example.org,1,Walker-Collins,341,"2023-02-07 05:42:48",4
"Isaiah Torphy",price.richard@example.org,3.5,"Bogan Inc",35,"2023-02-07 05:42:48",1
"Lottie Zulauf",ocartwright@example.net,3,Carroll-Goldner,173,"2023-02-07 05:42:48",1
"Oda Stark",brielle.predovic@example.com,3.5,Gislason-Erdman,412,"2023-02-07 05:42:48",3
"Elisabeth Gleason",lionel76@example.org,3.5,"O'Reilly, Crona and Runolfsson",573,"2023-02-07 05:42:48",1
"Cortney Bode",erik.gulgowski@example.org,2,"Brekke, Kuvalis and Beatty",662,"2023-02-07 05:42:48",1
"Parker Altenwerth",barrows.casimir@example.org,1,Batz-Cronin,998,"2023-02-07 05:42:48",1
"Izaiah Sawayn",vandervort.josianne@example.org,3.5,"Beier, Sporer and Larson",857,"2023-02-07 05:42:48",2
"Elisabeth Gleason",lionel76@example.org,1,"Hegmann, O'Keefe and McDermott",204,"2023-02-07 05:42:48",3
"Charles Daniel",ernestina.corkery@example.com,4,Walker-Collins,681,"2023-02-07 05:42:48",3
"Data Operator",data@trs.com,2,Cormier-Brakus,900,"2023-02-07 05:42:48",4
"Lavinia Aufderhar",rice.jeffrey@example.net,0.5,Walker-Collins,523,"2023-02-07 05:42:48",2
"Santina Grimes",graham.carrie@example.net,3,"Rath, Glover and Mohr",50,"2023-02-07 05:42:48",2
"Parker Altenwerth",barrows.casimir@example.org,0.5,Cole-Koch,987,"2023-02-07 05:42:48",4
"Jaquelin Schimmel",predovic.delta@example.net,3.5,"Turner Inc",629,"2023-02-07 05:42:48",2
"Izaiah Sawayn",vandervort.josianne@example.org,3.5,"Lindgren, Fritsch and Schiller",787,"2023-02-07 05:42:48",1
"Cortney Bode",erik.gulgowski@example.org,5,Klocko-Mohr,340,"2023-02-07 05:42:48",3
"Reinhold Wiza",cordie.hagenes@example.org,2,"Hirthe, Kshlerin and Buckridge",360,"2023-02-07 05:42:48",2
"Elisabeth Gleason",lionel76@example.org,1.5,"Baumbach, Will and Reynolds",134,"2023-02-07 05:42:48",3
"Gillian Crist",sweber@example.net,3,Lindgren-Price,507,"2023-02-07 05:42:48",4
"London Murphy",xfay@example.com,5,"Kuhn Group",481,"2023-02-07 05:42:48",4
"Ayana Harvey",kling.colt@example.com,1,"Rempel, Nolan and Walker",436,"2023-02-07 05:42:48",4
"Destiney Haag",ustoltenberg@example.org,3.5,"Schiller PLC",774,"2023-02-07 05:42:48",3
"Elisabeth Gleason",lionel76@example.org,2,"Dooley Inc",236,"2023-02-07 05:42:48",4
"Merl Kiehn",jmayert@example.net,0.5,Heathcote-Bogisich,711,"2023-02-07 05:42:48",3
"Randall Kreiger",lavon.kris@example.org,3.5,Senger-Donnelly,803,"2023-02-07 05:42:48",4
"Reinhold Wiza",cordie.hagenes@example.org,1,Batz-Cronin,630,"2023-02-07 05:42:48",2
"Elisabeth Gleason",lionel76@example.org,2.5,Adams-Volkman,438,"2023-02-07 05:42:48",1
"Mylene Larson",anderson.lindsay@example.com,2.5,Adams-Volkman,528,"2023-02-07 05:42:48",3
"Charles Daniel",ernestina.corkery@example.com,1,Heathcote-Bogisich,758,"2023-02-07 05:42:48",4
"Lilliana Armstrong",bell.ledner@example.com,2,"Bogan Inc",492,"2023-02-07 05:42:48",4
"Isaiah Torphy",price.richard@example.org,0.5,"Jerde, Dietrich and Hane",408,"2023-02-07 05:42:48",2
"Jenifer Volkman",janet32@example.com,4,"Weber LLC",342,"2023-02-07 05:42:48",3
"Lavinia Aufderhar",rice.jeffrey@example.net,4.5,"Kuhn Group",905,"2023-02-07 05:42:48",4
"Randall Kreiger",lavon.kris@example.org,3.5,"Kuhn Group",110,"2023-02-07 05:42:48",4
"Mervin Klocko",dframi@example.net,4,"Bechtelar Group",336,"2023-02-07 05:42:48",1
"London Murphy",xfay@example.com,2,Berge-Swaniawski,834,"2023-02-07 05:42:48",1
"Jenifer Volkman",janet32@example.com,4.5,"Rath, Glover and Mohr",742,"2023-02-07 05:42:48",3
"Demond Becker",eleannon@example.net,4.5,Batz-Cronin,78,"2023-02-07 05:42:48",4
"Merl Kiehn",jmayert@example.net,5,"Schiller PLC",470,"2023-02-07 05:42:48",1
"Amalia Rice",annamae.rau@example.org,1,"McClure and Sons",595,"2023-02-07 05:42:48",2
"Amalia Rice",annamae.rau@example.org,1.5,"Hirthe, Kshlerin and Buckridge",879,"2023-02-07 05:42:48",2
"Shaina Beatty",ozella92@example.net,5,"Hirthe, Kshlerin and Buckridge",536,"2023-02-07 05:42:48",3
"Peggie Weimann",tromp.brandi@example.org,3,"Bechtelar Group",37,"2023-02-07 05:42:48",3
"Elisabeth Gleason",lionel76@example.org,1,"Barrows PLC",179,"2023-02-07 05:42:48",2
"Timmy Legros",willms.reece@example.net,2.5,"Weber LLC",991,"2023-02-07 05:42:48",2
"Isaiah Torphy",price.richard@example.org,2.5,"O'Reilly, Crona and Runolfsson",723,"2023-02-07 05:42:48",1
"Ericka Wyman",fsporer@example.net,5,"Hegmann, O'Keefe and McDermott",891,"2023-02-07 05:42:48",4
"Lavinia Aufderhar",rice.jeffrey@example.net,4,"Rath, Glover and Mohr",541,"2023-02-07 05:42:48",1
"Mariela Wunsch",rory.dare@example.net,4.5,"Welch, Streich and Hahn",557,"2023-02-07 05:42:48",1
"Randall Kreiger",lavon.kris@example.org,5,"Barrows PLC",766,"2023-02-07 05:42:48",1
"Charles Daniel",ernestina.corkery@example.com,4.5,Batz-Cronin,970,"2023-02-07 05:42:48",3
"Maudie Kling",stroman.rosalind@example.com,4.5,Senger-Donnelly,854,"2023-02-07 05:42:48",3
"Domenic Gusikowski",mccullough.abbie@example.com,1.5,"Hegmann, O'Keefe and McDermott",15,"2023-02-07 05:42:48",1
"Lottie Zulauf",ocartwright@example.net,0.5,"Rempel, Nolan and Walker",440,"2023-02-07 05:42:48",1
"Merl Kiehn",jmayert@example.net,2.5,Tromp-Keebler,483,"2023-02-07 05:42:48",3
"Merl Kiehn",jmayert@example.net,3.5,"Baumbach, Will and Reynolds",96,"2023-02-07 05:42:48",3
"Peggie Weimann",tromp.brandi@example.org,3.5,"Bogan Inc",80,"2023-02-07 05:42:48",3
"Jaquelin Schimmel",predovic.delta@example.net,0.5,"Weber LLC",421,"2023-02-07 05:42:48",4
"Maudie Kling",stroman.rosalind@example.com,1.5,"Cole Inc",744,"2023-02-07 05:42:48",1
"Santina Grimes",graham.carrie@example.net,2,"Zieme PLC",457,"2023-02-07 05:42:48",1
"Jaquelin Schimmel",predovic.delta@example.net,4.5,"Kuhn Group",219,"2023-02-07 05:42:48",3
"London Murphy",xfay@example.com,5,"Rempel, Nolan and Walker",497,"2023-02-07 05:42:48",1
"Destiney Haag",ustoltenberg@example.org,1,"Cole Inc",693,"2023-02-07 05:42:48",3
"Darryl Wuckert",jessie.bailey@example.org,3,"Schiller PLC",60,"2023-02-07 05:42:48",2
"Ayana Harvey",kling.colt@example.com,1,"Welch, Streich and Hahn",300,"2023-02-07 05:42:48",1
"Finance Manager",finance@trs.com,3,"Hirthe, Kshlerin and Buckridge",887,"2023-02-07 05:42:48",1
"Peggie Weimann",tromp.brandi@example.org,2,Berge-Swaniawski,474,"2023-02-07 05:42:48",3
"Citlalli Johns",adelia96@example.org,2,Tromp-Keebler,454,"2023-02-07 05:42:48",2
"Peggie Weimann",tromp.brandi@example.org,2,"Zieme PLC",942,"2023-02-07 05:42:48",4
"Isaiah Torphy",price.richard@example.org,1,Walker-Collins,211,"2023-02-07 05:42:48",3
"Finance Manager",finance@trs.com,1,"Schiller PLC",322,"2023-02-07 05:42:48",1
"Finance Manager",finance@trs.com,1,"Hirthe, Kshlerin and Buckridge",73,"2023-02-07 05:42:48",3
"Citlalli Johns",adelia96@example.org,2,"Bechtelar Group",89,"2023-02-07 05:42:48",2
"Jaquelin Schimmel",predovic.delta@example.net,2,Batz-Cronin,725,"2023-02-07 05:42:48",4
"Charles Daniel",ernestina.corkery@example.com,1,"Lindgren, Fritsch and Schiller",256,"2023-02-07 05:42:48",4
"Parker Altenwerth",barrows.casimir@example.org,5,"Weber LLC",770,"2023-02-07 05:42:48",4
"Loma Spencer",eldora.quitzon@example.org,1.5,"Bode, Cummerata and Keeling",676,"2023-02-07 05:42:48",1
"Evalyn Runolfsson",kwhite@example.org,4.5,"Kuhn Group",90,"2023-02-07 05:42:48",4
"Izaiah Sawayn",vandervort.josianne@example.org,4.5,"Beier, Sporer and Larson",308,"2023-02-07 05:42:48",1
"Lilliana Armstrong",bell.ledner@example.com,3,"Brekke, Kuvalis and Beatty",643,"2023-02-07 05:42:48",1
"Parker Altenwerth",barrows.casimir@example.org,3,"Veum, Jacobi and Abshire",737,"2023-02-07 05:42:48",2
"Loma Spencer",eldora.quitzon@example.org,2.5,Lindgren-Price,668,"2023-02-07 05:42:48",2
"Haley Waters",carmen63@example.org,2.5,Walker-Collins,359,"2023-02-07 05:42:48",4
"Lea Kuphal",kub.arvel@example.com,2,"Veum, Jacobi and Abshire",135,"2023-02-07 05:42:48",2
"Lea Kuphal",kub.arvel@example.com,2,"Schiller PLC",955,"2023-02-07 05:42:48",4
"Peggie Weimann",tromp.brandi@example.org,3.5,"Auer, Fadel and Legros",464,"2023-02-07 05:42:48",3
"Cortney Bode",erik.gulgowski@example.org,4,"Langosh, Ruecker and Schuppe",380,"2023-02-07 05:42:48",3
"Santina Grimes",graham.carrie@example.net,3,"Kuhn Group",695,"2023-02-07 05:42:48",3
"Peggie Weimann",tromp.brandi@example.org,0.5,"Brekke, Kuvalis and Beatty",373,"2023-02-07 05:42:48",4
"Evalyn Runolfsson",kwhite@example.org,1,"Barrows PLC",94,"2023-02-07 05:42:48",4
"Amalia Rice",annamae.rau@example.org,3,Carroll-Goldner,452,"2023-02-07 05:42:48",1
"Lea Kuphal",kub.arvel@example.com,4.5,"O'Reilly, Crona and Runolfsson",296,"2023-02-07 05:42:48",2
"Reinhold Wiza",cordie.hagenes@example.org,4,"Zieme PLC",74,"2023-02-07 05:42:48",2
"Lottie Zulauf",ocartwright@example.net,1,Heathcote-Bogisich,212,"2023-02-07 05:42:48",1
"Lottie Zulauf",ocartwright@example.net,3,Heathcote-Bogisich,491,"2023-02-07 05:42:48",3
"Citlalli Johns",adelia96@example.org,1.5,"Welch, Streich and Hahn",652,"2023-02-07 05:42:48",2
"Destiney Haag",ustoltenberg@example.org,3.5,Cole-Koch,93,"2023-02-07 05:42:48",3
"Sandra Farrell",jrutherford@example.org,3.5,"Lindgren, Fritsch and Schiller",778,"2023-02-07 05:42:48",3
"Gillian Crist",sweber@example.net,1,"Jerde, Dietrich and Hane",11,"2023-02-07 05:42:48",2
"Darryl Wuckert",jessie.bailey@example.org,0.5,"Jerde, Dietrich and Hane",691,"2023-02-07 05:42:48",2
"London Murphy",xfay@example.com,5,"Kuhn Group",525,"2023-02-07 05:42:48",1
"Randall Kreiger",lavon.kris@example.org,5,"Bogan Inc",253,"2023-02-07 05:42:48",1
"Ola Hackett",jlittel@example.net,1.5,Gislason-Erdman,827,"2023-02-07 05:42:48",1
"Parker Altenwerth",barrows.casimir@example.org,1,"Hirthe, Kshlerin and Buckridge",516,"2023-02-07 05:42:48",1
"Charles Daniel",ernestina.corkery@example.com,4,"Bogan Inc",990,"2023-02-07 05:42:48",1
"Mac Bahringer",krajcik.christina@example.org,3.5,"Rempel, Nolan and Walker",98,"2023-02-07 05:42:48",3
"Mervin Klocko",dframi@example.net,5,"Beier, Sporer and Larson",1,"2023-02-07 05:42:48",3
"Domenic Gusikowski",mccullough.abbie@example.com,3,Cole-Koch,866,"2023-02-07 05:42:48",3
"Mac Bahringer",krajcik.christina@example.org,1.5,"Kerluke Inc",433,"2023-02-07 05:42:48",1
"Benedict Stark",madaline28@example.org,4.5,"Zieme PLC",294,"2023-02-07 05:42:48",3
"London Murphy",xfay@example.com,1.5,"Jakubowski, Lang and Rosenbaum",547,"2023-02-07 05:42:48",4
"Trystan Abernathy",mafalda70@example.org,1.5,"Turner Inc",419,"2023-02-07 05:42:48",3
"Amalia Rice",annamae.rau@example.org,2.5,Cormier-Brakus,55,"2023-02-07 05:42:48",4
"Jaquelin Schimmel",predovic.delta@example.net,1.5,Reilly-Auer,934,"2023-02-07 05:42:48",3
"Izaiah Sawayn",vandervort.josianne@example.org,4.5,Walker-Collins,893,"2023-02-07 05:42:48",1
"Citlalli Johns",adelia96@example.org,3.5,Gislason-Erdman,118,"2023-02-07 05:42:48",3
"Lea Kuphal",kub.arvel@example.com,1,Cole-Koch,72,"2023-02-07 05:42:48",1
"Mariela Wunsch",rory.dare@example.net,4,"Abernathy Inc",655,"2023-02-07 05:42:48",1
"Parker Altenwerth",barrows.casimir@example.org,1,"O'Reilly, Crona and Runolfsson",799,"2023-02-07 05:42:48",1
"Peggie Weimann",tromp.brandi@example.org,0.5,Stehr-Conroy,379,"2023-02-07 05:42:48",4
"Nolan Metz",vonrueden.judson@example.com,3.5,"Kuhn Group",555,"2023-02-07 05:42:48",4
"Jana Hettinger",johnston.willis@example.net,4.5,"Zieme PLC",347,"2023-02-07 05:42:48",1
"Parker Altenwerth",barrows.casimir@example.org,0.5,"Schiller PLC",686,"2023-02-07 05:42:48",2
"Demond Becker",eleannon@example.net,1.5,Walker-Collins,819,"2023-02-07 05:42:48",4
"Charles Daniel",ernestina.corkery@example.com,2,"Kuhn Group",402,"2023-02-07 05:42:48",1
"Ola Hackett",jlittel@example.net,2,Heathcote-Bogisich,707,"2023-02-07 05:42:48",3
"Shaina Beatty",ozella92@example.net,3,"Batz LLC",178,"2023-02-07 05:42:48",1
"Cortney Bode",erik.gulgowski@example.org,4.5,Walker-Collins,543,"2023-02-07 05:42:48",3
"Lavinia Aufderhar",rice.jeffrey@example.net,5,"Lindgren, Fritsch and Schiller",401,"2023-02-07 05:42:48",2
"Destiney Haag",ustoltenberg@example.org,2.5,"Zieme PLC",806,"2023-02-07 05:42:48",1
"Gillian Crist",sweber@example.net,2,"Barrows PLC",850,"2023-02-07 05:42:48",1
"Jenifer Volkman",janet32@example.com,4.5,"Jerde, Dietrich and Hane",761,"2023-02-07 05:42:48",2
"Elisabeth Gleason",lionel76@example.org,2,"Kuhn Group",851,"2023-02-07 05:42:48",1
"Lea Kuphal",kub.arvel@example.com,4,"Baumbach, Will and Reynolds",646,"2023-02-07 05:42:48",4
"Jedediah Ankunding",shayne.zieme@example.net,5,"Lehner PLC",44,"2023-02-07 05:42:48",4
"Mac Bahringer",krajcik.christina@example.org,2,"Batz LLC",355,"2023-02-07 05:42:48",4
"Parker Altenwerth",barrows.casimir@example.org,1.5,Reilly-Auer,297,"2023-02-07 05:42:48",1
"Lavinia Aufderhar",rice.jeffrey@example.net,0.5,"Turner Inc",129,"2023-02-07 05:42:48",3
"Super Admin",admin@trs.com,4.5,"Bode, Cummerata and Keeling",885,"2023-02-07 05:42:48",4
"Ericka Wyman",fsporer@example.net,1.5,"Willms PLC",699,"2023-02-07 05:42:48",4
"Jenifer Volkman",janet32@example.com,1.5,Heathcote-Bogisich,262,"2023-02-07 05:42:48",1
"Benedict Stark",madaline28@example.org,4.5,"McClure and Sons",316,"2023-02-07 05:42:48",2
"Ayana Harvey",kling.colt@example.com,2.5,Walker-Collins,393,"2023-02-07 05:42:48",1
"Santina Grimes",graham.carrie@example.net,4,Lindgren-Price,873,"2023-02-07 05:42:48",2
"Ola Hackett",jlittel@example.net,4.5,"Veum, Jacobi and Abshire",936,"2023-02-07 05:42:48",1
"London Murphy",xfay@example.com,4.5,Stehr-Conroy,27,"2023-02-07 05:42:48",4
"Lottie Zulauf",ocartwright@example.net,3,"Bogan Inc",425,"2023-02-07 05:42:48",1
"Jaquelin Schimmel",predovic.delta@example.net,2.5,"Kuhn Group",960,"2023-02-07 05:42:48",3
"Super Admin",admin@trs.com,3,"Hegmann, O'Keefe and McDermott",824,"2023-02-07 05:42:48",4
"Ayana Harvey",kling.colt@example.com,4.5,"Beier, Sporer and Larson",919,"2023-02-07 05:42:48",2
"Maynard Klein",anabelle46@example.org,2,"Dooley Group",92,"2023-02-07 05:42:48",3
"Darryl Wuckert",jessie.bailey@example.org,0.5,Tromp-Keebler,579,"2023-02-07 05:42:48",1
"Lottie Zulauf",ocartwright@example.net,3,Stehr-Conroy,68,"2023-02-07 05:42:48",2
"Cortney Bode",erik.gulgowski@example.org,2,"Dooley Group",102,"2023-02-07 05:42:48",4
"Sandra Farrell",jrutherford@example.org,3,Gislason-Erdman,631,"2023-02-07 05:42:48",2
"Mariela Wunsch",rory.dare@example.net,2.5,"Jerde, Dietrich and Hane",358,"2023-02-07 05:42:48",1
"Isaiah Torphy",price.richard@example.org,2,"Dooley Group",548,"2023-02-07 05:42:48",3
"Lottie Zulauf",ocartwright@example.net,1,"Langosh, Ruecker and Schuppe",381,"2023-02-07 05:42:48",1
"Mac Bahringer",krajcik.christina@example.org,4.5,"Batz LLC",918,"2023-02-07 05:42:48",2
"Mervin Klocko",dframi@example.net,3.5,"Bechtelar Group",407,"2023-02-07 05:42:48",2
"Jaquelin Schimmel",predovic.delta@example.net,0.5,"Bogan Inc",132,"2023-02-07 05:42:48",4
"Maynard Klein",anabelle46@example.org,0.5,"Lindgren, Fritsch and Schiller",894,"2023-02-07 05:42:48",2
"Lavinia Aufderhar",rice.jeffrey@example.net,1,"Quitzon Ltd",324,"2023-02-07 05:42:48",1
"Charles Daniel",ernestina.corkery@example.com,5,"O'Reilly, Crona and Runolfsson",335,"2023-02-07 05:42:48",2
"Mariela Wunsch",rory.dare@example.net,3,"Abernathy Inc",981,"2023-02-07 05:42:48",1
"Ola Hackett",jlittel@example.net,1.5,"Veum, Jacobi and Abshire",473,"2023-02-07 05:42:48",3
"Haley Waters",carmen63@example.org,2,"Dooley Inc",170,"2023-02-07 05:42:48",1
"Mac Bahringer",krajcik.christina@example.org,0.5,"Schiller PLC",41,"2023-02-07 05:42:48",3
"Lottie Zulauf",ocartwright@example.net,2.5,Adams-Volkman,814,"2023-02-07 05:42:48",4
"Jana Hettinger",johnston.willis@example.net,5,Adams-Volkman,801,"2023-02-07 05:42:48",2
"Mervin Klocko",dframi@example.net,4.5,"Bogan Inc",183,"2023-02-07 05:42:48",1
"Citlalli Johns",adelia96@example.org,2,Adams-Volkman,504,"2023-02-07 05:42:48",4
"Lottie Zulauf",ocartwright@example.net,4.5,"Bode, Cummerata and Keeling",172,"2023-02-07 05:42:48",2
"Peggie Weimann",tromp.brandi@example.org,5,Heathcote-Bogisich,490,"2023-02-07 05:42:48",1
"Ola Hackett",jlittel@example.net,1,Adams-Volkman,957,"2023-02-07 05:42:48",4
"Jana Hettinger",johnston.willis@example.net,2.5,"Quitzon Ltd",242,"2023-02-07 05:42:48",3
"Mylene Larson",anderson.lindsay@example.com,1.5,"Gorczany, Schmidt and Rau",109,"2023-02-07 05:42:48",1
"Maynard Klein",anabelle46@example.org,4,"Kerluke Inc",863,"2023-02-07 05:42:48",1
"Oda Stark",brielle.predovic@example.com,5,"Langosh, Ruecker and Schuppe",311,"2023-02-07 05:42:48",2
"Ola Hackett",jlittel@example.net,0.5,Heathcote-Bogisich,344,"2023-02-07 05:42:48",1
"Reinhold Wiza",cordie.hagenes@example.org,1.5,"Lindgren, Fritsch and Schiller",967,"2023-02-07 05:42:48",3
"Lavinia Aufderhar",rice.jeffrey@example.net,2,Cole-Koch,881,"2023-02-07 05:42:48",4
"Elisabeth Gleason",lionel76@example.org,3.5,"Baumbach, Will and Reynolds",116,"2023-02-07 05:42:48",2
"Jaquelin Schimmel",predovic.delta@example.net,5,"Schiller PLC",708,"2023-02-07 05:42:48",4
"Domenic Gusikowski",mccullough.abbie@example.com,4,"Jakubowski, Lang and Rosenbaum",601,"2023-02-07 05:42:48",3
"Jaquelin Schimmel",predovic.delta@example.net,1,"Willms PLC",994,"2023-02-07 05:42:48",4
"Oda Stark",brielle.predovic@example.com,1,Berge-Swaniawski,315,"2023-02-07 05:42:48",1
"Mervin Klocko",dframi@example.net,2.5,"Willms PLC",274,"2023-02-07 05:42:48",2
"Susana Cummerata",timmothy55@example.com,2,"Bechtelar Group",437,"2023-02-07 05:42:48",3
"Lea Kuphal",kub.arvel@example.com,2.5,Cole-Koch,272,"2023-02-07 05:42:48",2
"Susana Cummerata",timmothy55@example.com,5,Cormier-Brakus,642,"2023-02-07 05:42:48",4
"Maynard Klein",anabelle46@example.org,1.5,Klocko-Mohr,289,"2023-02-07 05:42:48",3
"Trystan Abernathy",mafalda70@example.org,5,Gislason-Erdman,511,"2023-02-07 05:42:48",2
"Leanne Pfeffer",elsa04@example.org,3,"Quitzon Ltd",62,"2023-02-07 05:42:48",4
"Nolan Metz",vonrueden.judson@example.com,4.5,Carroll-Goldner,729,"2023-02-07 05:42:48",1
"Lottie Zulauf",ocartwright@example.net,4,Stehr-Conroy,768,"2023-02-07 05:42:48",1
"Ericka Wyman",fsporer@example.net,3.5,"Gorczany, Schmidt and Rau",618,"2023-02-07 05:42:48",3
"Lilliana Armstrong",bell.ledner@example.com,3,Lindgren-Price,167,"2023-02-07 05:42:48",4
"Finance Manager",finance@trs.com,0.5,"Abernathy Inc",732,"2023-02-07 05:42:48",1
"London Murphy",xfay@example.com,5,"Lindgren, Fritsch and Schiller",713,"2023-02-07 05:42:48",3
"Timmy Legros",willms.reece@example.net,5,"Abernathy Inc",932,"2023-02-07 05:42:48",2
"Lavinia Aufderhar",rice.jeffrey@example.net,0.5,Stehr-Conroy,292,"2023-02-07 05:42:48",1
"Nolan Metz",vonrueden.judson@example.com,0.5,"Hirthe, Kshlerin and Buckridge",651,"2023-02-07 05:42:48",4
"Charles Daniel",ernestina.corkery@example.com,2.5,"Hegmann, O'Keefe and McDermott",127,"2023-02-07 05:42:48",3
"Cortney Bode",erik.gulgowski@example.org,1,"Barrows PLC",867,"2023-02-07 05:42:48",3
"Darryl Wuckert",jessie.bailey@example.org,3.5,"Willms PLC",268,"2023-02-07 05:42:48",2
"Amalia Rice",annamae.rau@example.org,4,"Auer, Fadel and Legros",665,"2023-02-07 05:42:48",1
"Randall Kreiger",lavon.kris@example.org,4.5,"Veum, Jacobi and Abshire",822,"2023-02-07 05:42:48",2
"Lavinia Aufderhar",rice.jeffrey@example.net,3.5,"O'Reilly, Crona and Runolfsson",168,"2023-02-07 05:42:48",4
"Sandra Farrell",jrutherford@example.org,1,"O'Reilly, Crona and Runolfsson",377,"2023-02-07 05:42:48",2
"Isaiah Torphy",price.richard@example.org,5,"Bode, Cummerata and Keeling",743,"2023-02-07 05:42:48",4
"Destiney Haag",ustoltenberg@example.org,3,"O'Reilly, Crona and Runolfsson",283,"2023-02-07 05:42:48",2
"Mariela Wunsch",rory.dare@example.net,5,"Bechtelar Group",202,"2023-02-07 05:42:48",4
"Trystan Abernathy",mafalda70@example.org,4.5,Lindgren-Price,399,"2023-02-07 05:42:48",4
"Lavinia Aufderhar",rice.jeffrey@example.net,4,"Auer, Fadel and Legros",786,"2023-02-07 05:42:48",1
"Alysa Kuhlman",scottie87@example.org,2,"Langosh, Ruecker and Schuppe",227,"2023-02-07 05:42:48",4
"Loma Spencer",eldora.quitzon@example.org,4,Stehr-Conroy,158,"2023-02-07 05:42:48",4
"Maudie Kling",stroman.rosalind@example.com,2.5,Cole-Koch,391,"2023-02-07 05:42:48",3
"Esperanza Emard",yost.marlene@example.net,2,Senger-Donnelly,498,"2023-02-07 05:42:48",4
"Citlalli Johns",adelia96@example.org,3.5,"Veum, Jacobi and Abshire",926,"2023-02-07 05:42:48",1
"Mervin Klocko",dframi@example.net,5,"Bode, Cummerata and Keeling",1000,"2023-02-07 05:42:48",1
"Trystan Abernathy",mafalda70@example.org,5,"Bechtelar Group",130,"2023-02-07 05:42:48",4
"Mariela Wunsch",rory.dare@example.net,3.5,"Hegmann, O'Keefe and McDermott",319,"2023-02-07 05:42:48",4
"Gillian Crist",sweber@example.net,2,"Jerde, Dietrich and Hane",320,"2023-02-07 05:42:48",2
"Oda Stark",brielle.predovic@example.com,1,"Rempel, Nolan and Walker",722,"2023-02-07 05:42:48",3
"Lottie Zulauf",ocartwright@example.net,1,Carroll-Goldner,944,"2023-02-07 05:42:48",1
"Mariela Wunsch",rory.dare@example.net,0.5,"Lindgren, Fritsch and Schiller",448,"2023-02-07 05:42:48",1
"Gillian Crist",sweber@example.net,3,"O'Reilly, Crona and Runolfsson",544,"2023-02-07 05:42:48",3
"Esperanza Emard",yost.marlene@example.net,2,"Hirthe, Kshlerin and Buckridge",364,"2023-02-07 05:42:48",4
"Timmy Legros",willms.reece@example.net,5,Gislason-Erdman,553,"2023-02-07 05:42:48",3
"Gillian Crist",sweber@example.net,0.5,"Kuhn Group",739,"2023-02-07 05:42:48",4
"Darryl Wuckert",jessie.bailey@example.org,1,"Kerluke Inc",287,"2023-02-07 05:42:48",1
"Nolan Metz",vonrueden.judson@example.com,1,"Jerde, Dietrich and Hane",415,"2023-02-07 05:42:48",2
"Amalia Rice",annamae.rau@example.org,1.5,"Bode, Cummerata and Keeling",47,"2023-02-07 05:42:48",1
"Santina Grimes",graham.carrie@example.net,4.5,Walker-Collins,807,"2023-02-07 05:42:48",3
"London Murphy",xfay@example.com,4.5,"Beier, Sporer and Larson",351,"2023-02-07 05:42:48",3
"Mervin Klocko",dframi@example.net,4,"Willms PLC",783,"2023-02-07 05:42:48",3
"Destiney Haag",ustoltenberg@example.org,4,Cormier-Brakus,343,"2023-02-07 05:42:48",2
"Merl Kiehn",jmayert@example.net,3.5,"Gorczany, Schmidt and Rau",735,"2023-02-07 05:42:48",1
"Jenifer Volkman",janet32@example.com,4.5,"Cole Inc",974,"2023-02-07 05:42:48",1
"Maynard Klein",anabelle46@example.org,5,"Quitzon Ltd",659,"2023-02-07 05:42:48",3
"Merl Kiehn",jmayert@example.net,4,Klocko-Mohr,114,"2023-02-07 05:42:48",2
"Trystan Abernathy",mafalda70@example.org,1.5,"Jakubowski, Lang and Rosenbaum",570,"2023-02-07 05:42:48",4
"Jaquelin Schimmel",predovic.delta@example.net,0.5,Walker-Collins,734,"2023-02-07 05:42:48",3
"Cortney Bode",erik.gulgowski@example.org,4.5,"Hirthe, Kshlerin and Buckridge",137,"2023-02-07 05:42:48",4
"Mariela Wunsch",rory.dare@example.net,2,"Langosh, Ruecker and Schuppe",613,"2023-02-07 05:42:48",4
"Destiney Haag",ustoltenberg@example.org,0.5,Berge-Swaniawski,124,"2023-02-07 05:42:48",2
"Jaquelin Schimmel",predovic.delta@example.net,3.5,"McClure and Sons",978,"2023-02-07 05:42:48",2
"Mylene Larson",anderson.lindsay@example.com,0.5,"Schiller PLC",269,"2023-02-07 05:42:48",2
"Randall Kreiger",lavon.kris@example.org,4,"Barrows PLC",661,"2023-02-07 05:42:48",4
"Leanne Pfeffer",elsa04@example.org,2.5,"Kuhn Group",752,"2023-02-07 05:42:48",2
"Darryl Wuckert",jessie.bailey@example.org,1,Adams-Volkman,508,"2023-02-07 05:42:48",1
"Reinhold Wiza",cordie.hagenes@example.org,4.5,Berge-Swaniawski,302,"2023-02-07 05:42:48",3
"Esperanza Emard",yost.marlene@example.net,1,"Welch, Streich and Hahn",95,"2023-02-07 05:42:48",1
"Jedediah Ankunding",shayne.zieme@example.net,2.5,"Auer, Fadel and Legros",529,"2023-02-07 05:42:48",3
"London Murphy",xfay@example.com,2,Carroll-Goldner,277,"2023-02-07 05:42:48",1
"Evalyn Runolfsson",kwhite@example.org,5,"Lehner PLC",352,"2023-02-07 05:42:48",3
"Timmy Legros",willms.reece@example.net,2,Batz-Cronin,606,"2023-02-07 05:42:48",2
"Domenic Gusikowski",mccullough.abbie@example.com,5,"Beier, Sporer and Larson",871,"2023-02-07 05:42:48",4
"Destiney Haag",ustoltenberg@example.org,2.5,"Brekke, Kuvalis and Beatty",307,"2023-02-07 05:42:48",3
"Mac Bahringer",krajcik.christina@example.org,1.5,Berge-Swaniawski,692,"2023-02-07 05:42:48",1
"Mervin Klocko",dframi@example.net,5,"Jakubowski, Lang and Rosenbaum",600,"2023-02-07 05:42:48",3
"Domenic Gusikowski",mccullough.abbie@example.com,0.5,"Welch, Streich and Hahn",216,"2023-02-07 05:42:48",4
"Mervin Klocko",dframi@example.net,2.5,Tromp-Keebler,675,"2023-02-07 05:42:48",4
"Peggie Weimann",tromp.brandi@example.org,0.5,"Brekke, Kuvalis and Beatty",562,"2023-02-07 05:42:48",2
"Mylene Larson",anderson.lindsay@example.com,3,Cormier-Brakus,61,"2023-02-07 05:42:48",3
"Randall Kreiger",lavon.kris@example.org,1.5,"McClure and Sons",278,"2023-02-07 05:42:48",1
"Jedediah Ankunding",shayne.zieme@example.net,2,Klocko-Mohr,530,"2023-02-07 05:42:48",3
"Super Admin",admin@trs.com,1.5,"Welch, Streich and Hahn",91,"2023-02-07 05:42:48",4
"Susana Cummerata",timmothy55@example.com,2,"Bode, Cummerata and Keeling",234,"2023-02-07 05:42:48",1
"Maynard Klein",anabelle46@example.org,5,"Veum, Jacobi and Abshire",720,"2023-02-07 05:42:48",4
"Maynard Klein",anabelle46@example.org,4,"Baumbach, Will and Reynolds",420,"2023-02-07 05:42:48",1
"Charles Daniel",ernestina.corkery@example.com,2.5,"Veum, Jacobi and Abshire",856,"2023-02-07 05:42:48",4
"London Murphy",xfay@example.com,5,Reilly-Auer,538,"2023-02-07 05:42:48",2
"Citlalli Johns",adelia96@example.org,1,"Kerluke Inc",816,"2023-02-07 05:42:48",4
"Merl Kiehn",jmayert@example.net,0.5,Berge-Swaniawski,430,"2023-02-07 05:42:48",2
"Randall Kreiger",lavon.kris@example.org,2.5,"McClure and Sons",229,"2023-02-07 05:42:48",3
"Reinhold Wiza",cordie.hagenes@example.org,0.5,"Welch, Streich and Hahn",903,"2023-02-07 05:42:48",1
"Evalyn Runolfsson",kwhite@example.org,2.5,"Schiller PLC",196,"2023-02-07 05:42:48",1
"Destiney Haag",ustoltenberg@example.org,1,Cole-Koch,218,"2023-02-07 05:42:48",3
"Reinhold Wiza",cordie.hagenes@example.org,4.5,"Beier, Sporer and Larson",793,"2023-02-07 05:42:48",1
"Jedediah Ankunding",shayne.zieme@example.net,3.5,Klocko-Mohr,317,"2023-02-07 05:42:48",1
"Jenifer Volkman",janet32@example.com,3,Lindgren-Price,602,"2023-02-07 05:42:48",2
"Gillian Crist",sweber@example.net,1.5,"Cole Inc",971,"2023-02-07 05:42:48",2
"Finance Manager",finance@trs.com,2.5,"Jakubowski, Lang and Rosenbaum",792,"2023-02-07 05:42:48",1
"London Murphy",xfay@example.com,2.5,"Dooley Group",7,"2023-02-07 05:42:48",2
"Lottie Zulauf",ocartwright@example.net,3,Lindgren-Price,100,"2023-02-07 05:42:48",4
"London Murphy",xfay@example.com,2.5,Tromp-Keebler,328,"2023-02-07 05:42:48",2
"Citlalli Johns",adelia96@example.org,4.5,"Dooley Group",456,"2023-02-07 05:42:48",4
"Mariela Wunsch",rory.dare@example.net,4,Cole-Koch,860,"2023-02-07 05:42:48",3
"Lavinia Aufderhar",rice.jeffrey@example.net,3,"Hegmann, O'Keefe and McDermott",432,"2023-02-07 05:42:48",2
"Mervin Klocko",dframi@example.net,4.5,"Bode, Cummerata and Keeling",345,"2023-02-07 05:42:48",2
"Jaquelin Schimmel",predovic.delta@example.net,3,"Willms PLC",121,"2023-02-07 05:42:48",4
"Randall Kreiger",lavon.kris@example.org,1,"McClure and Sons",818,"2023-02-07 05:42:48",3
"Nolan Metz",vonrueden.judson@example.com,4.5,"Beier, Sporer and Larson",63,"2023-02-07 05:42:48",2
"Esperanza Emard",yost.marlene@example.net,2,"Dooley Group",32,"2023-02-07 05:42:48",3
"Jana Hettinger",johnston.willis@example.net,5,Heathcote-Bogisich,427,"2023-02-07 05:42:48",2
"Sandra Farrell",jrutherford@example.org,4,"Auer, Fadel and Legros",509,"2023-02-07 05:42:48",4
"Domenic Gusikowski",mccullough.abbie@example.com,1,Batz-Cronin,267,"2023-02-07 05:42:48",2
"Randall Kreiger",lavon.kris@example.org,3.5,"Baumbach, Will and Reynolds",197,"2023-02-07 05:42:48",2
"Citlalli Johns",adelia96@example.org,2.5,Tromp-Keebler,472,"2023-02-07 05:42:48",4
"Shaina Beatty",ozella92@example.net,0.5,"Kerluke Inc",620,"2023-02-07 05:42:48",2
"Elisabeth Gleason",lionel76@example.org,3,Batz-Cronin,747,"2023-02-07 05:42:48",2
"Elisabeth Gleason",lionel76@example.org,2,"Rempel, Nolan and Walker",684,"2023-02-07 05:42:48",4
"Citlalli Johns",adelia96@example.org,1.5,"Rath, Glover and Mohr",594,"2023-02-07 05:42:48",3
"Data Operator",data@trs.com,4.5,"Schiller PLC",780,"2023-02-07 05:42:48",2
"Alysa Kuhlman",scottie87@example.org,5,"Jakubowski, Lang and Rosenbaum",765,"2023-02-07 05:42:48",2
"Oda Stark",brielle.predovic@example.com,3.5,"Langosh, Ruecker and Schuppe",914,"2023-02-07 05:42:48",3
"Elisabeth Gleason",lionel76@example.org,3.5,"Baumbach, Will and Reynolds",224,"2023-02-07 05:42:48",1
"Destiney Haag",ustoltenberg@example.org,1,Heathcote-Bogisich,923,"2023-02-07 05:42:48",1
"Ola Hackett",jlittel@example.net,3,Carroll-Goldner,610,"2023-02-07 05:42:48",2
"Darryl Wuckert",jessie.bailey@example.org,4.5,Carroll-Goldner,113,"2023-02-07 05:42:48",2
"Mariela Wunsch",rory.dare@example.net,4.5,"Lindgren, Fritsch and Schiller",334,"2023-02-07 05:42:48",4
"Alysa Kuhlman",scottie87@example.org,5,"Brekke, Kuvalis and Beatty",38,"2023-02-07 05:42:48",4
"Ericka Wyman",fsporer@example.net,4,"Jerde, Dietrich and Hane",626,"2023-02-07 05:42:48",1
"Amalia Rice",annamae.rau@example.org,0.5,"Lindgren, Fritsch and Schiller",86,"2023-02-07 05:42:48",2
"Oda Stark",brielle.predovic@example.com,0.5,"Welch, Streich and Hahn",518,"2023-02-07 05:42:48",3
"Parker Altenwerth",barrows.casimir@example.org,5,"Turner Inc",614,"2023-02-07 05:42:48",4
"Randall Kreiger",lavon.kris@example.org,1,"Cole Inc",858,"2023-02-07 05:42:48",3
"Trystan Abernathy",mafalda70@example.org,0.5,Senger-Donnelly,972,"2023-02-07 05:42:48",4
"Ola Hackett",jlittel@example.net,2,"Brekke, Kuvalis and Beatty",152,"2023-02-07 05:42:48",4
"Leanne Pfeffer",elsa04@example.org,1.5,Cole-Koch,404,"2023-02-07 05:42:48",2
"Elisabeth Gleason",lionel76@example.org,2.5,Tromp-Keebler,299,"2023-02-07 05:42:48",1
"Super Admin",admin@trs.com,1.5,Senger-Donnelly,585,"2023-02-07 05:42:48",4
"Jenifer Volkman",janet32@example.com,1,"Turner Inc",122,"2023-02-07 05:42:48",4
"Mylene Larson",anderson.lindsay@example.com,3,Tromp-Keebler,18,"2023-02-07 05:42:48",2
"Demond Becker",eleannon@example.net,0.5,"Dooley Group",795,"2023-02-07 05:42:48",3
"Cortney Bode",erik.gulgowski@example.org,1.5,"O'Reilly, Crona and Runolfsson",403,"2023-02-07 05:42:48",1
"Susana Cummerata",timmothy55@example.com,4.5,"Welch, Streich and Hahn",171,"2023-02-07 05:42:48",2
"Citlalli Johns",adelia96@example.org,1.5,Reilly-Auer,771,"2023-02-07 05:42:48",2
"Benedict Stark",madaline28@example.org,1,"Baumbach, Will and Reynolds",941,"2023-02-07 05:42:48",1
"Ayana Harvey",kling.colt@example.com,1,Batz-Cronin,87,"2023-02-07 05:42:48",2
"Darryl Wuckert",jessie.bailey@example.org,2,"Cole Inc",462,"2023-02-07 05:42:48",4
"Gillian Crist",sweber@example.net,4.5,"Batz LLC",641,"2023-02-07 05:42:48",3
"Lottie Zulauf",ocartwright@example.net,1.5,Tromp-Keebler,612,"2023-02-07 05:42:48",4
"Lottie Zulauf",ocartwright@example.net,0.5,"Weber LLC",350,"2023-02-07 05:42:48",3
"Destiney Haag",ustoltenberg@example.org,3,"Dooley Group",10,"2023-02-07 05:42:48",4
"Destiney Haag",ustoltenberg@example.org,4.5,Gislason-Erdman,75,"2023-02-07 05:42:48",2
"Elisabeth Gleason",lionel76@example.org,4,"Turner Inc",151,"2023-02-07 05:42:48",4
"Parker Altenwerth",barrows.casimir@example.org,4.5,"Turner Inc",51,"2023-02-07 05:42:48",2
"Timmy Legros",willms.reece@example.net,5,"Jerde, Dietrich and Hane",213,"2023-02-07 05:42:48",2
"Mylene Larson",anderson.lindsay@example.com,2,"Batz LLC",465,"2023-02-07 05:42:48",2
"Timmy Legros",willms.reece@example.net,1,Batz-Cronin,838,"2023-02-07 05:42:48",2
"Lavinia Aufderhar",rice.jeffrey@example.net,4.5,Adams-Volkman,823,"2023-02-07 05:42:48",3
"Haley Waters",carmen63@example.org,1,"Lehner PLC",741,"2023-02-07 05:42:48",1
"Mylene Larson",anderson.lindsay@example.com,5,"Brekke, Kuvalis and Beatty",104,"2023-02-07 05:42:48",4
"Oda Stark",brielle.predovic@example.com,4,"Brekke, Kuvalis and Beatty",488,"2023-02-07 05:42:48",3
"Shaina Beatty",ozella92@example.net,1,"Hegmann, O'Keefe and McDermott",245,"2023-02-07 05:42:48",2
"Demond Becker",eleannon@example.net,1.5,"Kuhn Group",959,"2023-02-07 05:42:48",3
"Reinhold Wiza",cordie.hagenes@example.org,2.5,Lindgren-Price,663,"2023-02-07 05:42:48",4
"Randall Kreiger",lavon.kris@example.org,1.5,Reilly-Auer,733,"2023-02-07 05:42:48",1
"Esperanza Emard",yost.marlene@example.net,3,"Jerde, Dietrich and Hane",954,"2023-02-07 05:42:48",3
"Parker Altenwerth",barrows.casimir@example.org,0.5,"Jerde, Dietrich and Hane",645,"2023-02-07 05:42:48",3
"Loma Spencer",eldora.quitzon@example.org,3,"Lindgren, Fritsch and Schiller",2,"2023-02-07 05:42:48",1
"Evalyn Runolfsson",kwhite@example.org,0.5,"Veum, Jacobi and Abshire",250,"2023-02-07 05:42:48",1
"Jana Hettinger",johnston.willis@example.net,1.5,"Baumbach, Will and Reynolds",678,"2023-02-07 05:42:48",4
"Nolan Metz",vonrueden.judson@example.com,2,"Zieme PLC",45,"2023-02-07 05:42:48",1
"Santina Grimes",graham.carrie@example.net,1,Klocko-Mohr,596,"2023-02-07 05:42:48",3
"London Murphy",xfay@example.com,1,"Beier, Sporer and Larson",34,"2023-02-07 05:42:48",2
"Domenic Gusikowski",mccullough.abbie@example.com,4,"Dooley Inc",325,"2023-02-07 05:42:48",3
"Leanne Pfeffer",elsa04@example.org,2,"Schiller PLC",624,"2023-02-07 05:42:48",2
"Charles Daniel",ernestina.corkery@example.com,2.5,"Barrows PLC",115,"2023-02-07 05:42:48",3
"Parker Altenwerth",barrows.casimir@example.org,5,"McClure and Sons",500,"2023-02-07 05:42:48",1
"Peggie Weimann",tromp.brandi@example.org,3.5,"Dooley Group",154,"2023-02-07 05:42:48",1
"Cortney Bode",erik.gulgowski@example.org,1,"Bogan Inc",703,"2023-02-07 05:42:48",2
"Merl Kiehn",jmayert@example.net,1,"Dooley Inc",872,"2023-02-07 05:42:48",1
"Shaina Beatty",ozella92@example.net,3.5,Batz-Cronin,254,"2023-02-07 05:42:48",2
"Reinhold Wiza",cordie.hagenes@example.org,3.5,Cormier-Brakus,910,"2023-02-07 05:42:48",2
"Trystan Abernathy",mafalda70@example.org,3.5,Stehr-Conroy,628,"2023-02-07 05:42:48",4
"Destiney Haag",ustoltenberg@example.org,5,Lindgren-Price,326,"2023-02-07 05:42:48",3
"Randall Kreiger",lavon.kris@example.org,3.5,"Rath, Glover and Mohr",946,"2023-02-07 05:42:48",4
"Data Operator",data@trs.com,3.5,"Jerde, Dietrich and Hane",370,"2023-02-07 05:42:48",1
"Jenifer Volkman",janet32@example.com,3,"Brekke, Kuvalis and Beatty",648,"2023-02-07 05:42:48",4
"Gillian Crist",sweber@example.net,5,Cormier-Brakus,980,"2023-02-07 05:42:48",4
"Izaiah Sawayn",vandervort.josianne@example.org,3.5,"Rath, Glover and Mohr",195,"2023-02-07 05:42:48",1
"Citlalli Johns",adelia96@example.org,2,"Cole Inc",920,"2023-02-07 05:42:48",1
"London Murphy",xfay@example.com,4.5,"Cole Inc",107,"2023-02-07 05:42:48",1
"Haley Waters",carmen63@example.org,2,"Dooley Inc",101,"2023-02-07 05:42:48",3
"Darryl Wuckert",jessie.bailey@example.org,1.5,"Dooley Inc",721,"2023-02-07 05:42:48",1
"Reinhold Wiza",cordie.hagenes@example.org,2,"Hirthe, Kshlerin and Buckridge",939,"2023-02-07 05:42:48",2
"Jana Hettinger",johnston.willis@example.net,1.5,"Kuhn Group",869,"2023-02-07 05:42:48",3
"Jenifer Volkman",janet32@example.com,2,Klocko-Mohr,450,"2023-02-07 05:42:48",2
"Isaiah Torphy",price.richard@example.org,1.5,Batz-Cronin,785,"2023-02-07 05:42:48",4
"Maynard Klein",anabelle46@example.org,3.5,Klocko-Mohr,966,"2023-02-07 05:42:48",4
"Trystan Abernathy",mafalda70@example.org,2.5,"McClure and Sons",930,"2023-02-07 05:42:48",4
"Susana Cummerata",timmothy55@example.com,3.5,Reilly-Auer,263,"2023-02-07 05:42:48",3
"Super Admin",admin@trs.com,4,"Hirthe, Kshlerin and Buckridge",290,"2023-02-07 05:42:48",1
"London Murphy",xfay@example.com,1.5,Tromp-Keebler,599,"2023-02-07 05:42:48",4
"Mervin Klocko",dframi@example.net,3,Klocko-Mohr,852,"2023-02-07 05:42:48",4
"Amalia Rice",annamae.rau@example.org,2,Batz-Cronin,386,"2023-02-07 05:42:48",1
"Elisabeth Gleason",lionel76@example.org,1,"Dooley Inc",384,"2023-02-07 05:42:48",3
"London Murphy",xfay@example.com,1,Walker-Collins,249,"2023-02-07 05:42:48",3
"Jedediah Ankunding",shayne.zieme@example.net,1,Lindgren-Price,496,"2023-02-07 05:42:48",2
"Ola Hackett",jlittel@example.net,0.5,"Barrows PLC",487,"2023-02-07 05:42:48",4
"Leanne Pfeffer",elsa04@example.org,2.5,"Rempel, Nolan and Walker",463,"2023-02-07 05:42:48",4
"Santina Grimes",graham.carrie@example.net,0.5,Reilly-Auer,862,"2023-02-07 05:42:48",1
"Maudie Kling",stroman.rosalind@example.com,4.5,"Baumbach, Will and Reynolds",791,"2023-02-07 05:42:48",2
"Cortney Bode",erik.gulgowski@example.org,4,"Welch, Streich and Hahn",120,"2023-02-07 05:42:48",1
"Merl Kiehn",jmayert@example.net,3.5,"Gorczany, Schmidt and Rau",963,"2023-02-07 05:42:48",2
"Merl Kiehn",jmayert@example.net,3,"Batz LLC",568,"2023-02-07 05:42:48",4
"Benedict Stark",madaline28@example.org,5,Walker-Collins,750,"2023-02-07 05:42:48",2
"Reinhold Wiza",cordie.hagenes@example.org,4.5,"Jerde, Dietrich and Hane",181,"2023-02-07 05:42:48",4
"Susana Cummerata",timmothy55@example.com,1,Gislason-Erdman,589,"2023-02-07 05:42:48",4
"Maynard Klein",anabelle46@example.org,1.5,"Turner Inc",623,"2023-02-07 05:42:48",3
"Domenic Gusikowski",mccullough.abbie@example.com,3,"Welch, Streich and Hahn",252,"2023-02-07 05:42:48",1
"Haley Waters",carmen63@example.org,3,"Dooley Group",146,"2023-02-07 05:42:48",2
"Timmy Legros",willms.reece@example.net,2.5,"Batz LLC",505,"2023-02-07 05:42:48",2
"Evalyn Runolfsson",kwhite@example.org,4,"Schiller PLC",191,"2023-02-07 05:42:48",1
"Randall Kreiger",lavon.kris@example.org,0.5,"Zieme PLC",331,"2023-02-07 05:42:48",2
"Mariela Wunsch",rory.dare@example.net,4,"Rempel, Nolan and Walker",937,"2023-02-07 05:42:48",2
"Lavinia Aufderhar",rice.jeffrey@example.net,4,"Willms PLC",284,"2023-02-07 05:42:48",3
"Lilliana Armstrong",bell.ledner@example.com,2,"Lehner PLC",20,"2023-02-07 05:42:48",1
"Susana Cummerata",timmothy55@example.com,0.5,"Hirthe, Kshlerin and Buckridge",365,"2023-02-07 05:42:48",2
"Jana Hettinger",johnston.willis@example.net,4.5,"Cole Inc",209,"2023-02-07 05:42:48",1
"Oda Stark",brielle.predovic@example.com,5,"Jerde, Dietrich and Hane",200,"2023-02-07 05:42:48",1
"Santina Grimes",graham.carrie@example.net,5,Batz-Cronin,580,"2023-02-07 05:42:48",3
"Santina Grimes",graham.carrie@example.net,5,"Langosh, Ruecker and Schuppe",243,"2023-02-07 05:42:48",2
"Maynard Klein",anabelle46@example.org,3,"Bode, Cummerata and Keeling",636,"2023-02-07 05:42:48",2
"Nolan Metz",vonrueden.judson@example.com,0.5,Heathcote-Bogisich,797,"2023-02-07 05:42:48",3
"Peggie Weimann",tromp.brandi@example.org,0.5,Walker-Collins,26,"2023-02-07 05:42:48",3
"Finance Manager",finance@trs.com,2.5,"Kuhn Group",848,"2023-02-07 05:42:48",1
"Mac Bahringer",krajcik.christina@example.org,3,"O'Reilly, Crona and Runolfsson",674,"2023-02-07 05:42:48",3
"Sandra Farrell",jrutherford@example.org,2.5,"Gorczany, Schmidt and Rau",908,"2023-02-07 05:42:48",2
"Nolan Metz",vonrueden.judson@example.com,0.5,Senger-Donnelly,875,"2023-02-07 05:42:48",2
"Loma Spencer",eldora.quitzon@example.org,4,"McClure and Sons",275,"2023-02-07 05:42:48",2
"Merl Kiehn",jmayert@example.net,3.5,"Willms PLC",880,"2023-02-07 05:42:48",4
"Trystan Abernathy",mafalda70@example.org,3,Berge-Swaniawski,479,"2023-02-07 05:42:48",2
"Alysa Kuhlman",scottie87@example.org,5,"Rempel, Nolan and Walker",461,"2023-02-07 05:42:48",2
"Lilliana Armstrong",bell.ledner@example.com,4.5,Klocko-Mohr,46,"2023-02-07 05:42:48",4
"Ericka Wyman",fsporer@example.net,2,Stehr-Conroy,185,"2023-02-07 05:42:48",2
"Lea Kuphal",kub.arvel@example.com,3,"Hegmann, O'Keefe and McDermott",952,"2023-02-07 05:42:48",4
"Jana Hettinger",johnston.willis@example.net,3,"Kerluke Inc",476,"2023-02-07 05:42:48",2
"Lottie Zulauf",ocartwright@example.net,4,Adams-Volkman,587,"2023-02-07 05:42:48",4
"Amalia Rice",annamae.rau@example.org,2,Adams-Volkman,899,"2023-02-07 05:42:48",1
"Isaiah Torphy",price.richard@example.org,1,"McClure and Sons",657,"2023-02-07 05:42:48",2
"Lilliana Armstrong",bell.ledner@example.com,3,"Quitzon Ltd",985,"2023-02-07 05:42:48",2
"Merl Kiehn",jmayert@example.net,4,"Hirthe, Kshlerin and Buckridge",480,"2023-02-07 05:42:48",3
"Amalia Rice",annamae.rau@example.org,2.5,"Barrows PLC",310,"2023-02-07 05:42:48",3
"Benedict Stark",madaline28@example.org,0.5,"Lindgren, Fritsch and Schiller",210,"2023-02-07 05:42:48",1
"Lottie Zulauf",ocartwright@example.net,5,Gislason-Erdman,976,"2023-02-07 05:42:48",1
"Haley Waters",carmen63@example.org,4.5,"Rath, Glover and Mohr",831,"2023-02-07 05:42:48",3
"London Murphy",xfay@example.com,1.5,"Abernathy Inc",767,"2023-02-07 05:42:48",2
"Timmy Legros",willms.reece@example.net,5,"Weber LLC",986,"2023-02-07 05:42:48",3
"Finance Manager",finance@trs.com,0.5,"Kuhn Group",145,"2023-02-07 05:42:48",2
"Demond Becker",eleannon@example.net,0.5,Senger-Donnelly,931,"2023-02-07 05:42:48",4
"Oda Stark",brielle.predovic@example.com,0.5,"Lindgren, Fritsch and Schiller",789,"2023-02-07 05:42:48",4
"Trystan Abernathy",mafalda70@example.org,4.5,"McClure and Sons",112,"2023-02-07 05:42:48",1
"Lea Kuphal",kub.arvel@example.com,1.5,"Langosh, Ruecker and Schuppe",715,"2023-02-07 05:42:48",1
"Maudie Kling",stroman.rosalind@example.com,3.5,"Barrows PLC",291,"2023-02-07 05:42:48",2
"London Murphy",xfay@example.com,4.5,Reilly-Auer,471,"2023-02-07 05:42:48",4
"Maudie Kling",stroman.rosalind@example.com,1.5,Gislason-Erdman,830,"2023-02-07 05:42:48",4
"Jenifer Volkman",janet32@example.com,2,"Bechtelar Group",951,"2023-02-07 05:42:48",2
"Izaiah Sawayn",vandervort.josianne@example.org,5,Senger-Donnelly,367,"2023-02-07 05:42:48",3
"Darryl Wuckert",jessie.bailey@example.org,3.5,"Auer, Fadel and Legros",182,"2023-02-07 05:42:48",3
"Oda Stark",brielle.predovic@example.com,4.5,"Schiller PLC",608,"2023-02-07 05:42:48",2
"Nolan Metz",vonrueden.judson@example.com,4,Klocko-Mohr,556,"2023-02-07 05:42:48",2
"London Murphy",xfay@example.com,0.5,Lindgren-Price,773,"2023-02-07 05:42:48",4
"Trystan Abernathy",mafalda70@example.org,2.5,"Jakubowski, Lang and Rosenbaum",855,"2023-02-07 05:42:48",2
"Mervin Klocko",dframi@example.net,3.5,"Willms PLC",566,"2023-02-07 05:42:48",1
"Domenic Gusikowski",mccullough.abbie@example.com,3.5,Heathcote-Bogisich,748,"2023-02-07 05:42:48",2
"Destiney Haag",ustoltenberg@example.org,2,Stehr-Conroy,535,"2023-02-07 05:42:48",2
"Sandra Farrell",jrutherford@example.org,3,Berge-Swaniawski,295,"2023-02-07 05:42:48",1
"Evalyn Runolfsson",kwhite@example.org,1,"Brekke, Kuvalis and Beatty",701,"2023-02-07 05:42:48",1
"Shaina Beatty",ozella92@example.net,4.5,"Baumbach, Will and Reynolds",943,"2023-02-07 05:42:48",1
"Maynard Klein",anabelle46@example.org,1.5,"Dooley Inc",772,"2023-02-07 05:42:48",4
"London Murphy",xfay@example.com,3,"Hegmann, O'Keefe and McDermott",956,"2023-02-07 05:42:48",2
"Demond Becker",eleannon@example.net,0.5,"Cole Inc",560,"2023-02-07 05:42:48",2
"Jana Hettinger",johnston.willis@example.net,5,"Hegmann, O'Keefe and McDermott",445,"2023-02-07 05:42:48",4
"Lottie Zulauf",ocartwright@example.net,0.5,"Schiller PLC",301,"2023-02-07 05:42:48",4
"Oda Stark",brielle.predovic@example.com,3,Stehr-Conroy,569,"2023-02-07 05:42:48",3
"Santina Grimes",graham.carrie@example.net,2.5,"Dooley Group",751,"2023-02-07 05:42:48",3
"Maudie Kling",stroman.rosalind@example.com,3.5,Reilly-Auer,564,"2023-02-07 05:42:48",2
"Citlalli Johns",adelia96@example.org,3,"Jerde, Dietrich and Hane",865,"2023-02-07 05:42:48",4
"Esperanza Emard",yost.marlene@example.net,3.5,"Kuhn Group",77,"2023-02-07 05:42:48",1
"Maudie Kling",stroman.rosalind@example.com,2,"Kuhn Group",76,"2023-02-07 05:42:48",4
"Jana Hettinger",johnston.willis@example.net,1.5,"Kerluke Inc",788,"2023-02-07 05:42:48",2
"Lottie Zulauf",ocartwright@example.net,3.5,"Beier, Sporer and Larson",688,"2023-02-07 05:42:48",3
"Data Operator",data@trs.com,1,Carroll-Goldner,43,"2023-02-07 05:42:48",3
"Susana Cummerata",timmothy55@example.com,2,Carroll-Goldner,201,"2023-02-07 05:42:48",3
"Jenifer Volkman",janet32@example.com,5,"Rempel, Nolan and Walker",280,"2023-02-07 05:42:48",2
"Reinhold Wiza",cordie.hagenes@example.org,3,"Jakubowski, Lang and Rosenbaum",333,"2023-02-07 05:42:48",4
"Jaquelin Schimmel",predovic.delta@example.net,4,Batz-Cronin,455,"2023-02-07 05:42:48",3
"Ola Hackett",jlittel@example.net,2,Tromp-Keebler,841,"2023-02-07 05:42:48",3
"Santina Grimes",graham.carrie@example.net,5,"Lehner PLC",136,"2023-02-07 05:42:48",1
"Destiney Haag",ustoltenberg@example.org,1,Cole-Koch,935,"2023-02-07 05:42:48",1
"Sandra Farrell",jrutherford@example.org,4,"Bode, Cummerata and Keeling",730,"2023-02-07 05:42:48",4
"Ericka Wyman",fsporer@example.net,0.5,Klocko-Mohr,550,"2023-02-07 05:42:48",1
"Domenic Gusikowski",mccullough.abbie@example.com,1,"Abernathy Inc",886,"2023-02-07 05:42:48",1
"Domenic Gusikowski",mccullough.abbie@example.com,3,Senger-Donnelly,188,"2023-02-07 05:42:48",2
"Evalyn Runolfsson",kwhite@example.org,1,"Cole Inc",583,"2023-02-07 05:42:48",4
"Sandra Farrell",jrutherford@example.org,3,"Schiller PLC",214,"2023-02-07 05:42:48",3
"Destiney Haag",ustoltenberg@example.org,0.5,"Gorczany, Schmidt and Rau",552,"2023-02-07 05:42:48",4
"Cortney Bode",erik.gulgowski@example.org,2,"Lindgren, Fritsch and Schiller",804,"2023-02-07 05:42:48",3
"Leanne Pfeffer",elsa04@example.org,4,"Hegmann, O'Keefe and McDermott",140,"2023-02-07 05:42:48",3
"Amalia Rice",annamae.rau@example.org,2,"Rath, Glover and Mohr",591,"2023-02-07 05:42:48",4
"Ericka Wyman",fsporer@example.net,5,Senger-Donnelly,546,"2023-02-07 05:42:48",2
"Gillian Crist",sweber@example.net,2.5,"Bode, Cummerata and Keeling",514,"2023-02-07 05:42:48",4
"Shaina Beatty",ozella92@example.net,4.5,Stehr-Conroy,540,"2023-02-07 05:42:48",4
"Super Admin",admin@trs.com,5,Klocko-Mohr,385,"2023-02-07 05:42:48",4
"Isaiah Torphy",price.richard@example.org,1.5,"Dooley Group",658,"2023-02-07 05:42:48",2
"Timmy Legros",willms.reece@example.net,1.5,"McClure and Sons",896,"2023-02-07 05:42:48",1
"Randall Kreiger",lavon.kris@example.org,2.5,Walker-Collins,349,"2023-02-07 05:42:48",2
"Darryl Wuckert",jessie.bailey@example.org,0.5,"Jakubowski, Lang and Rosenbaum",362,"2023-02-07 05:42:48",2
"Jedediah Ankunding",shayne.zieme@example.net,4,"Rath, Glover and Mohr",805,"2023-02-07 05:42:48",1
"Citlalli Johns",adelia96@example.org,0.5,"Veum, Jacobi and Abshire",29,"2023-02-07 05:42:48",2
"Evalyn Runolfsson",kwhite@example.org,0.5,"Beier, Sporer and Larson",811,"2023-02-07 05:42:48",1
"Reinhold Wiza",cordie.hagenes@example.org,0.5,Berge-Swaniawski,764,"2023-02-07 05:42:48",3
"Trystan Abernathy",mafalda70@example.org,0.5,Cormier-Brakus,705,"2023-02-07 05:42:48",2
"Super Admin",admin@trs.com,4,"Bode, Cummerata and Keeling",466,"2023-02-07 05:42:48",3
"Benedict Stark",madaline28@example.org,1.5,Reilly-Auer,593,"2023-02-07 05:42:48",3
"Evalyn Runolfsson",kwhite@example.org,2,"Cole Inc",159,"2023-02-07 05:42:48",3
"Mariela Wunsch",rory.dare@example.net,4,"Cole Inc",39,"2023-02-07 05:42:48",2
"Mervin Klocko",dframi@example.net,1,"Beier, Sporer and Larson",161,"2023-02-07 05:42:48",2
"Jana Hettinger",johnston.willis@example.net,0.5,"O'Reilly, Crona and Runolfsson",706,"2023-02-07 05:42:48",1
"Leanne Pfeffer",elsa04@example.org,4.5,"Welch, Streich and Hahn",247,"2023-02-07 05:42:48",4
"Data Operator",data@trs.com,3.5,Stehr-Conroy,143,"2023-02-07 05:42:48",2
"Ola Hackett",jlittel@example.net,0.5,"Bechtelar Group",561,"2023-02-07 05:42:48",2
"Jaquelin Schimmel",predovic.delta@example.net,0.5,"Dooley Group",126,"2023-02-07 05:42:48",4
"Darryl Wuckert",jessie.bailey@example.org,4,"Gorczany, Schmidt and Rau",921,"2023-02-07 05:42:48",1
"Leanne Pfeffer",elsa04@example.org,4,"Gorczany, Schmidt and Rau",835,"2023-02-07 05:42:48",2
"Mac Bahringer",krajcik.christina@example.org,4,Stehr-Conroy,582,"2023-02-07 05:42:48",3
"Lavinia Aufderhar",rice.jeffrey@example.net,2,"O'Reilly, Crona and Runolfsson",232,"2023-02-07 05:42:48",2
"Trystan Abernathy",mafalda70@example.org,3.5,"Brekke, Kuvalis and Beatty",215,"2023-02-07 05:42:48",4
"Elisabeth Gleason",lionel76@example.org,1.5,"Rempel, Nolan and Walker",237,"2023-02-07 05:42:48",2
"Esperanza Emard",yost.marlene@example.net,1.5,Walker-Collins,366,"2023-02-07 05:42:48",2
"Cortney Bode",erik.gulgowski@example.org,3.5,"Bode, Cummerata and Keeling",321,"2023-02-07 05:42:48",4
"Jenifer Volkman",janet32@example.com,0.5,"Bode, Cummerata and Keeling",728,"2023-02-07 05:42:48",2
"Mervin Klocko",dframi@example.net,4.5,"Weber LLC",3,"2023-02-07 05:42:48",2
"Ayana Harvey",kling.colt@example.com,0.5,"Cole Inc",298,"2023-02-07 05:42:48",2
"Nolan Metz",vonrueden.judson@example.com,4,Carroll-Goldner,378,"2023-02-07 05:42:48",4
"Ola Hackett",jlittel@example.net,3.5,"Weber LLC",128,"2023-02-07 05:42:48",4
"Loma Spencer",eldora.quitzon@example.org,1,"Hirthe, Kshlerin and Buckridge",58,"2023-02-07 05:42:48",2
"Alysa Kuhlman",scottie87@example.org,1.5,Gislason-Erdman,71,"2023-02-07 05:42:48",2
"Destiney Haag",ustoltenberg@example.org,5,"Beier, Sporer and Larson",376,"2023-02-07 05:42:48",2
"Mylene Larson",anderson.lindsay@example.com,4,"Bechtelar Group",400,"2023-02-07 05:42:48",2
"Jedediah Ankunding",shayne.zieme@example.net,0.5,Batz-Cronin,273,"2023-02-07 05:42:48",3
"Timmy Legros",willms.reece@example.net,0.5,Cole-Koch,736,"2023-02-07 05:42:48",2
"Oda Stark",brielle.predovic@example.com,4.5,"Turner Inc",815,"2023-02-07 05:42:48",2
"Evalyn Runolfsson",kwhite@example.org,1.5,"Batz LLC",235,"2023-02-07 05:42:48",2
"Mylene Larson",anderson.lindsay@example.com,4.5,Gislason-Erdman,105,"2023-02-07 05:42:48",4
"Nolan Metz",vonrueden.judson@example.com,3,Tromp-Keebler,567,"2023-02-07 05:42:48",1
"Parker Altenwerth",barrows.casimir@example.org,1,Reilly-Auer,749,"2023-02-07 05:42:48",4
"Oda Stark",brielle.predovic@example.com,5,Heathcote-Bogisich,169,"2023-02-07 05:42:48",1
"Parker Altenwerth",barrows.casimir@example.org,2,"Gorczany, Schmidt and Rau",846,"2023-02-07 05:42:48",2
"Ola Hackett",jlittel@example.net,4,"Zieme PLC",285,"2023-02-07 05:42:48",3
"Jenifer Volkman",janet32@example.com,1,Heathcote-Bogisich,532,"2023-02-07 05:42:48",1
"Alysa Kuhlman",scottie87@example.org,2.5,"Batz LLC",174,"2023-02-07 05:42:48",3
"Parker Altenwerth",barrows.casimir@example.org,0.5,"Welch, Streich and Hahn",458,"2023-02-07 05:42:48",1
"Susana Cummerata",timmothy55@example.com,2,"Lindgren, Fritsch and Schiller",441,"2023-02-07 05:42:48",1
"Randall Kreiger",lavon.kris@example.org,4.5,"Batz LLC",410,"2023-02-07 05:42:48",4
"Mylene Larson",anderson.lindsay@example.com,3,"Weber LLC",338,"2023-02-07 05:42:48",4
"Mariela Wunsch",rory.dare@example.net,4.5,"Jerde, Dietrich and Hane",782,"2023-02-07 05:42:48",1
"Citlalli Johns",adelia96@example.org,4,"Rempel, Nolan and Walker",635,"2023-02-07 05:42:48",4
"Izaiah Sawayn",vandervort.josianne@example.org,4.5,"Dooley Group",157,"2023-02-07 05:42:48",1
"Citlalli Johns",adelia96@example.org,2.5,Stehr-Conroy,286,"2023-02-07 05:42:48",4
"Jedediah Ankunding",shayne.zieme@example.net,4.5,Carroll-Goldner,83,"2023-02-07 05:42:48",4
"Citlalli Johns",adelia96@example.org,2,"Brekke, Kuvalis and Beatty",922,"2023-02-07 05:42:48",2
"Oda Stark",brielle.predovic@example.com,0.5,"Kuhn Group",288,"2023-02-07 05:42:48",1
"Ayana Harvey",kling.colt@example.com,4.5,"Rath, Glover and Mohr",958,"2023-02-07 05:42:48",4
"Merl Kiehn",jmayert@example.net,5,"Jerde, Dietrich and Hane",619,"2023-02-07 05:42:48",3
"Maudie Kling",stroman.rosalind@example.com,4,Adams-Volkman,142,"2023-02-07 05:42:48",2
"Esperanza Emard",yost.marlene@example.net,4.5,"Weber LLC",165,"2023-02-07 05:42:48",3
"Lea Kuphal",kub.arvel@example.com,5,"Bogan Inc",387,"2023-02-07 05:42:48",4
"Jenifer Volkman",janet32@example.com,1,"Zieme PLC",177,"2023-02-07 05:42:48",2
"Benedict Stark",madaline28@example.org,4,"Quitzon Ltd",700,"2023-02-07 05:42:48",2
"Mervin Klocko",dframi@example.net,5,"Cole Inc",228,"2023-02-07 05:42:48",2
"Jaquelin Schimmel",predovic.delta@example.net,2,"Gorczany, Schmidt and Rau",833,"2023-02-07 05:42:48",4
"Nolan Metz",vonrueden.judson@example.com,3.5,Walker-Collins,248,"2023-02-07 05:42:48",2
"Destiney Haag",ustoltenberg@example.org,4,"Weber LLC",667,"2023-02-07 05:42:48",2
"Lea Kuphal",kub.arvel@example.com,1.5,"Batz LLC",477,"2023-02-07 05:42:48",4
"Data Operator",data@trs.com,4,Lindgren-Price,186,"2023-02-07 05:42:48",4
"Lavinia Aufderhar",rice.jeffrey@example.net,2.5,"McClure and Sons",194,"2023-02-07 05:42:48",1
"Izaiah Sawayn",vandervort.josianne@example.org,0.5,"Welch, Streich and Hahn",184,"2023-02-07 05:42:48",3
"Amalia Rice",annamae.rau@example.org,3,"Turner Inc",947,"2023-02-07 05:42:48",4
"Ola Hackett",jlittel@example.net,1.5,"Weber LLC",671,"2023-02-07 05:42:48",4
"Jana Hettinger",johnston.willis@example.net,1,"Bode, Cummerata and Keeling",282,"2023-02-07 05:42:48",1
"Isaiah Torphy",price.richard@example.org,4.5,Klocko-Mohr,28,"2023-02-07 05:42:48",2
"Demond Becker",eleannon@example.net,4,Cole-Koch,549,"2023-02-07 05:42:48",1
"Evalyn Runolfsson",kwhite@example.org,5,"Hegmann, O'Keefe and McDermott",654,"2023-02-07 05:42:48",1
"Nolan Metz",vonrueden.judson@example.com,4.5,"Abernathy Inc",12,"2023-02-07 05:42:48",1
"Gillian Crist",sweber@example.net,4.5,Tromp-Keebler,6,"2023-02-07 05:42:48",4
"Timmy Legros",willms.reece@example.net,3,"Weber LLC",682,"2023-02-07 05:42:48",4
"Domenic Gusikowski",mccullough.abbie@example.com,4,Stehr-Conroy,685,"2023-02-07 05:42:48",1
"Super Admin",admin@trs.com,4,"Rath, Glover and Mohr",895,"2023-02-07 05:42:48",2
"Lottie Zulauf",ocartwright@example.net,0.5,"Willms PLC",208,"2023-02-07 05:42:48",2
"London Murphy",xfay@example.com,3.5,"Willms PLC",740,"2023-02-07 05:42:48",1
"Evalyn Runolfsson",kwhite@example.org,0.5,"Weber LLC",917,"2023-02-07 05:42:48",4
"Reinhold Wiza",cordie.hagenes@example.org,1.5,"Dooley Inc",281,"2023-02-07 05:42:48",3
"Gillian Crist",sweber@example.net,2,Cole-Koch,139,"2023-02-07 05:42:48",4
"Ola Hackett",jlittel@example.net,2,"Turner Inc",637,"2023-02-07 05:42:48",1
"Amalia Rice",annamae.rau@example.org,1.5,"Bode, Cummerata and Keeling",983,"2023-02-07 05:42:48",3
"Super Admin",admin@trs.com,1.5,Klocko-Mohr,622,"2023-02-07 05:42:48",1
"Haley Waters",carmen63@example.org,4,Reilly-Auer,176,"2023-02-07 05:42:48",4
"Timmy Legros",willms.reece@example.net,1,Batz-Cronin,220,"2023-02-07 05:42:48",2
"Data Operator",data@trs.com,3,"Kerluke Inc",469,"2023-02-07 05:42:48",2
"Santina Grimes",graham.carrie@example.net,2.5,"Rath, Glover and Mohr",716,"2023-02-07 05:42:48",3
"Mariela Wunsch",rory.dare@example.net,3,"O'Reilly, Crona and Runolfsson",714,"2023-02-07 05:42:48",1
"Shaina Beatty",ozella92@example.net,4,"McClure and Sons",264,"2023-02-07 05:42:48",3
"Sandra Farrell",jrutherford@example.org,2.5,Adams-Volkman,726,"2023-02-07 05:42:48",3
"Benedict Stark",madaline28@example.org,1,"Kuhn Group",784,"2023-02-07 05:42:48",2
"Esperanza Emard",yost.marlene@example.net,2.5,"O'Reilly, Crona and Runolfsson",192,"2023-02-07 05:42:48",3
"Loma Spencer",eldora.quitzon@example.org,2,"Willms PLC",354,"2023-02-07 05:42:48",3
"Destiney Haag",ustoltenberg@example.org,2,Reilly-Auer,878,"2023-02-07 05:42:48",1
"Jana Hettinger",johnston.willis@example.net,5,Gislason-Erdman,979,"2023-02-07 05:42:48",3
"Gillian Crist",sweber@example.net,5,"Baumbach, Will and Reynolds",439,"2023-02-07 05:42:48",4
"Benedict Stark",madaline28@example.org,2,"Bogan Inc",524,"2023-02-07 05:42:48",1
"Mariela Wunsch",rory.dare@example.net,2,"Quitzon Ltd",374,"2023-02-07 05:42:48",4
"Mervin Klocko",dframi@example.net,0.5,Stehr-Conroy,422,"2023-02-07 05:42:48",2
"Benedict Stark",madaline28@example.org,1.5,Senger-Donnelly,794,"2023-02-07 05:42:48",1
"London Murphy",xfay@example.com,0.5,"O'Reilly, Crona and Runolfsson",17,"2023-02-07 05:42:48",1
"Sandra Farrell",jrutherford@example.org,1,"Jerde, Dietrich and Hane",357,"2023-02-07 05:42:48",4
"Timmy Legros",willms.reece@example.net,3,"Quitzon Ltd",21,"2023-02-07 05:42:48",4
"Lottie Zulauf",ocartwright@example.net,2,"Cole Inc",149,"2023-02-07 05:42:48",3
"Amalia Rice",annamae.rau@example.org,3,Senger-Donnelly,257,"2023-02-07 05:42:48",2
"Mac Bahringer",krajcik.christina@example.org,3,"Dooley Group",478,"2023-02-07 05:42:48",1
"Lea Kuphal",kub.arvel@example.com,2,Gislason-Erdman,696,"2023-02-07 05:42:48",2
"Ericka Wyman",fsporer@example.net,4,"McClure and Sons",223,"2023-02-07 05:42:48",2
"London Murphy",xfay@example.com,1,Cole-Koch,255,"2023-02-07 05:42:48",4
"Evalyn Runolfsson",kwhite@example.org,1,Walker-Collins,809,"2023-02-07 05:42:48",1
"Randall Kreiger",lavon.kris@example.org,4,Cormier-Brakus,724,"2023-02-07 05:42:48",4
"Ericka Wyman",fsporer@example.net,4,Adams-Volkman,666,"2023-02-07 05:42:48",4
"Randall Kreiger",lavon.kris@example.org,5,"Baumbach, Will and Reynolds",842,"2023-02-07 05:42:48",1
"Haley Waters",carmen63@example.org,2,"Bode, Cummerata and Keeling",836,"2023-02-07 05:42:48",2
"Peggie Weimann",tromp.brandi@example.org,4,"Lindgren, Fritsch and Schiller",187,"2023-02-07 05:42:48",3
"Amalia Rice",annamae.rau@example.org,0.5,Batz-Cronin,837,"2023-02-07 05:42:48",3
"Super Admin",admin@trs.com,4.5,"Auer, Fadel and Legros",467,"2023-02-07 05:42:48",4
"Gillian Crist",sweber@example.net,5,"Hirthe, Kshlerin and Buckridge",222,"2023-02-07 05:42:48",2
"Sandra Farrell",jrutherford@example.org,3,"Bogan Inc",949,"2023-02-07 05:42:48",3
"Cortney Bode",erik.gulgowski@example.org,0.5,Cormier-Brakus,859,"2023-02-07 05:42:48",4
"Elisabeth Gleason",lionel76@example.org,1.5,Batz-Cronin,489,"2023-02-07 05:42:48",3
"Izaiah Sawayn",vandervort.josianne@example.org,2.5,Berge-Swaniawski,840,"2023-02-07 05:42:48",4
"Mac Bahringer",krajcik.christina@example.org,2.5,"Dooley Group",446,"2023-02-07 05:42:48",1
"Mariela Wunsch",rory.dare@example.net,1.5,Carroll-Goldner,689,"2023-02-07 05:42:48",1
"Merl Kiehn",jmayert@example.net,1.5,"McClure and Sons",394,"2023-02-07 05:42:48",4
"Loma Spencer",eldora.quitzon@example.org,3.5,Klocko-Mohr,984,"2023-02-07 05:42:48",4
"Jaquelin Schimmel",predovic.delta@example.net,1.5,"Kuhn Group",312,"2023-02-07 05:42:48",4
"Gillian Crist",sweber@example.net,3,Adams-Volkman,33,"2023-02-07 05:42:48",2
"Data Operator",data@trs.com,4,Lindgren-Price,999,"2023-02-07 05:42:48",2
"Lottie Zulauf",ocartwright@example.net,5,Lindgren-Price,853,"2023-02-07 05:42:48",1
"Jenifer Volkman",janet32@example.com,0.5,"Beier, Sporer and Larson",314,"2023-02-07 05:42:48",3
"Mariela Wunsch",rory.dare@example.net,5,"Hegmann, O'Keefe and McDermott",451,"2023-02-07 05:42:48",2
"Leanne Pfeffer",elsa04@example.org,2,"Batz LLC",861,"2023-02-07 05:42:48",4
"Shaina Beatty",ozella92@example.net,2,"Gorczany, Schmidt and Rau",506,"2023-02-07 05:42:48",3
"Peggie Weimann",tromp.brandi@example.org,4,"Kuhn Group",279,"2023-02-07 05:42:48",1
"Loma Spencer",eldora.quitzon@example.org,1,"Bechtelar Group",406,"2023-02-07 05:42:48",3
"Randall Kreiger",lavon.kris@example.org,1.5,Cole-Koch,694,"2023-02-07 05:42:48",3
"Trystan Abernathy",mafalda70@example.org,2.5,"Turner Inc",97,"2023-02-07 05:42:48",4
"Shaina Beatty",ozella92@example.net,3,Berge-Swaniawski,755,"2023-02-07 05:42:48",1
"Finance Manager",finance@trs.com,4.5,"Gorczany, Schmidt and Rau",627,"2023-02-07 05:42:48",4
"Citlalli Johns",adelia96@example.org,3.5,Adams-Volkman,559,"2023-02-07 05:42:48",2
"Charles Daniel",ernestina.corkery@example.com,2,"Zieme PLC",372,"2023-02-07 05:42:48",1
"Amalia Rice",annamae.rau@example.org,4,"Kuhn Group",153,"2023-02-07 05:42:48",2
"Ayana Harvey",kling.colt@example.com,1,Reilly-Auer,459,"2023-02-07 05:42:48",4
"Demond Becker",eleannon@example.net,4,"Quitzon Ltd",164,"2023-02-07 05:42:48",2
"Haley Waters",carmen63@example.org,3,Reilly-Auer,189,"2023-02-07 05:42:48",1
"Data Operator",data@trs.com,3,Senger-Donnelly,760,"2023-02-07 05:42:48",3
"Parker Altenwerth",barrows.casimir@example.org,2.5,"Weber LLC",995,"2023-02-07 05:42:48",1
"Darryl Wuckert",jessie.bailey@example.org,3,"Cole Inc",812,"2023-02-07 05:42:48",3
"Elisabeth Gleason",lionel76@example.org,3,Senger-Donnelly,108,"2023-02-07 05:42:48",4
"Citlalli Johns",adelia96@example.org,4.5,"Batz LLC",531,"2023-02-07 05:42:48",3
"Mylene Larson",anderson.lindsay@example.com,1,Carroll-Goldner,950,"2023-02-07 05:42:48",4
"Ayana Harvey",kling.colt@example.com,3,"Cole Inc",527,"2023-02-07 05:42:48",2
"Susana Cummerata",timmothy55@example.com,5,"Veum, Jacobi and Abshire",417,"2023-02-07 05:42:48",3
"Ayana Harvey",kling.colt@example.com,4.5,"Langosh, Ruecker and Schuppe",709,"2023-02-07 05:42:48",2
"Maynard Klein",anabelle46@example.org,4.5,"Turner Inc",453,"2023-02-07 05:42:48",3
"Randall Kreiger",lavon.kris@example.org,3,"Barrows PLC",435,"2023-02-07 05:42:48",3
"Merl Kiehn",jmayert@example.net,3,"Turner Inc",382,"2023-02-07 05:42:48",4
"Sandra Farrell",jrutherford@example.org,0.5,Lindgren-Price,23,"2023-02-07 05:42:48",3
"Parker Altenwerth",barrows.casimir@example.org,2,Gislason-Erdman,353,"2023-02-07 05:42:48",2
"Santina Grimes",graham.carrie@example.net,1.5,"Langosh, Ruecker and Schuppe",810,"2023-02-07 05:42:48",4
"Lavinia Aufderhar",rice.jeffrey@example.net,4,"Lindgren, Fritsch and Schiller",69,"2023-02-07 05:42:48",2
"Charles Daniel",ernestina.corkery@example.com,4,Cole-Koch,460,"2023-02-07 05:42:48",3
"Lilliana Armstrong",bell.ledner@example.com,2.5,"Veum, Jacobi and Abshire",625,"2023-02-07 05:42:48",3
"Sandra Farrell",jrutherford@example.org,0.5,Stehr-Conroy,928,"2023-02-07 05:42:48",2
"Alysa Kuhlman",scottie87@example.org,4.5,Carroll-Goldner,672,"2023-02-07 05:42:48",3
"Amalia Rice",annamae.rau@example.org,4.5,"Barrows PLC",870,"2023-02-07 05:42:48",4
"Benedict Stark",madaline28@example.org,0.5,Cole-Koch,82,"2023-02-07 05:42:48",4
"Alysa Kuhlman",scottie87@example.org,4,"Turner Inc",798,"2023-02-07 05:42:48",3
"Sandra Farrell",jrutherford@example.org,4.5,"Zieme PLC",442,"2023-02-07 05:42:48",1
"Benedict Stark",madaline28@example.org,5,"Quitzon Ltd",673,"2023-02-07 05:42:48",2
"Maudie Kling",stroman.rosalind@example.com,3.5,"Weber LLC",495,"2023-02-07 05:42:48",2
"Parker Altenwerth",barrows.casimir@example.org,1.5,"Batz LLC",260,"2023-02-07 05:42:48",3
"Mac Bahringer",krajcik.christina@example.org,1,Heathcote-Bogisich,650,"2023-02-07 05:42:48",4
"Timmy Legros",willms.reece@example.net,2,"Veum, Jacobi and Abshire",845,"2023-02-07 05:42:48",4
"Darryl Wuckert",jessie.bailey@example.org,1,"Gorczany, Schmidt and Rau",719,"2023-02-07 05:42:48",1
"Data Operator",data@trs.com,1,Gislason-Erdman,162,"2023-02-07 05:42:48",3
"Demond Becker",eleannon@example.net,4.5,"Kerluke Inc",520,"2023-02-07 05:42:48",1
"Loma Spencer",eldora.quitzon@example.org,1.5,"Kerluke Inc",468,"2023-02-07 05:42:48",3
"Destiney Haag",ustoltenberg@example.org,5,"Bechtelar Group",494,"2023-02-07 05:42:48",3
"Mervin Klocko",dframi@example.net,1,"Zieme PLC",577,"2023-02-07 05:42:48",2
"Evalyn Runolfsson",kwhite@example.org,3,"Bechtelar Group",251,"2023-02-07 05:42:48",4
"Mariela Wunsch",rory.dare@example.net,4.5,"Gorczany, Schmidt and Rau",512,"2023-02-07 05:42:48",1
"Mac Bahringer",krajcik.christina@example.org,3.5,"Batz LLC",604,"2023-02-07 05:42:48",3
"Shaina Beatty",ozella92@example.net,1,"Rempel, Nolan and Walker",882,"2023-02-07 05:42:48",1
"Benedict Stark",madaline28@example.org,3.5,"Kerluke Inc",57,"2023-02-07 05:42:48",1
"Parker Altenwerth",barrows.casimir@example.org,0.5,"Brekke, Kuvalis and Beatty",4,"2023-02-07 05:42:48",1
"Izaiah Sawayn",vandervort.josianne@example.org,3.5,Stehr-Conroy,717,"2023-02-07 05:42:48",3
"Reinhold Wiza",cordie.hagenes@example.org,1.5,"Gorczany, Schmidt and Rau",313,"2023-02-07 05:42:48",2
"Mervin Klocko",dframi@example.net,3,"Bogan Inc",133,"2023-02-07 05:42:48",1
"Finance Manager",finance@trs.com,3,"Zieme PLC",238,"2023-02-07 05:42:48",4
"Ericka Wyman",fsporer@example.net,5,"Welch, Streich and Hahn",800,"2023-02-07 05:42:48",4
"Alysa Kuhlman",scottie87@example.org,2.5,"Abernathy Inc",111,"2023-02-07 05:42:48",3
"Jenifer Volkman",janet32@example.com,1.5,"Rath, Glover and Mohr",969,"2023-02-07 05:42:48",2
"Santina Grimes",graham.carrie@example.net,4.5,"Auer, Fadel and Legros",13,"2023-02-07 05:42:48",2
"Nolan Metz",vonrueden.judson@example.com,5,"Langosh, Ruecker and Schuppe",246,"2023-02-07 05:42:48",3
"Jenifer Volkman",janet32@example.com,2,"Dooley Inc",877,"2023-02-07 05:42:48",1
"Loma Spencer",eldora.quitzon@example.org,3,"Zieme PLC",616,"2023-02-07 05:42:48",3
"Jana Hettinger",johnston.willis@example.net,4.5,"Jakubowski, Lang and Rosenbaum",276,"2023-02-07 05:42:48",3
"Haley Waters",carmen63@example.org,4,Cole-Koch,746,"2023-02-07 05:42:48",1
"Lottie Zulauf",ocartwright@example.net,3.5,"Langosh, Ruecker and Schuppe",25,"2023-02-07 05:42:48",2
"Maynard Klein",anabelle46@example.org,2,Reilly-Auer,270,"2023-02-07 05:42:48",4
"Jana Hettinger",johnston.willis@example.net,4.5,"Lehner PLC",405,"2023-02-07 05:42:48",3
"Parker Altenwerth",barrows.casimir@example.org,0.5,"O'Reilly, Crona and Runolfsson",677,"2023-02-07 05:42:48",1
"Mariela Wunsch",rory.dare@example.net,4,"McClure and Sons",572,"2023-02-07 05:42:48",3
"Nolan Metz",vonrueden.judson@example.com,5,Senger-Donnelly,99,"2023-02-07 05:42:48",2
"Citlalli Johns",adelia96@example.org,1,"Hegmann, O'Keefe and McDermott",704,"2023-02-07 05:42:48",2
"Timmy Legros",willms.reece@example.net,1,"Langosh, Ruecker and Schuppe",409,"2023-02-07 05:42:48",4
"Jana Hettinger",johnston.willis@example.net,0.5,Klocko-Mohr,337,"2023-02-07 05:42:48",1
"Maynard Klein",anabelle46@example.org,5,Walker-Collins,938,"2023-02-07 05:42:48",1
"Mylene Larson",anderson.lindsay@example.com,5,Heathcote-Bogisich,244,"2023-02-07 05:42:48",2
"Nolan Metz",vonrueden.judson@example.com,3.5,"Jakubowski, Lang and Rosenbaum",203,"2023-02-07 05:42:48",1
"Mariela Wunsch",rory.dare@example.net,2.5,"Willms PLC",411,"2023-02-07 05:42:48",4
"Finance Manager",finance@trs.com,0.5,Cormier-Brakus,24,"2023-02-07 05:42:48",4
"Super Admin",admin@trs.com,5,"Quitzon Ltd",388,"2023-02-07 05:42:48",4
"Lilliana Armstrong",bell.ledner@example.com,0.5,Stehr-Conroy,240,"2023-02-07 05:42:48",1
"Lilliana Armstrong",bell.ledner@example.com,1.5,"Weber LLC",339,"2023-02-07 05:42:48",3
"Mylene Larson",anderson.lindsay@example.com,1.5,"Bode, Cummerata and Keeling",769,"2023-02-07 05:42:48",4
"Citlalli Johns",adelia96@example.org,2,"Baumbach, Will and Reynolds",59,"2023-02-07 05:42:48",2
"Lilliana Armstrong",bell.ledner@example.com,4,"Barrows PLC",909,"2023-02-07 05:42:48",3
"Parker Altenwerth",barrows.casimir@example.org,3.5,"Jakubowski, Lang and Rosenbaum",502,"2023-02-07 05:42:48",1
"Mervin Klocko",dframi@example.net,1,"Batz LLC",309,"2023-02-07 05:42:48",4
"Maudie Kling",stroman.rosalind@example.com,4,"Bogan Inc",40,"2023-02-07 05:42:48",4
"Elisabeth Gleason",lionel76@example.org,2.5,Cole-Koch,759,"2023-02-07 05:42:48",3
"Mariela Wunsch",rory.dare@example.net,1.5,Senger-Donnelly,933,"2023-02-07 05:42:48",2
"Randall Kreiger",lavon.kris@example.org,4.5,"Bogan Inc",8,"2023-02-07 05:42:48",4
"Demond Becker",eleannon@example.net,5,"Baumbach, Will and Reynolds",293,"2023-02-07 05:42:48",1
"Jenifer Volkman",janet32@example.com,3,Stehr-Conroy,718,"2023-02-07 05:42:48",3
"Merl Kiehn",jmayert@example.net,5,"Weber LLC",230,"2023-02-07 05:42:48",3
"Benedict Stark",madaline28@example.org,2,"Lehner PLC",332,"2023-02-07 05:42:48",1
"Izaiah Sawayn",vandervort.josianne@example.org,1,"Abernathy Inc",889,"2023-02-07 05:42:48",1
"Maynard Klein",anabelle46@example.org,1.5,"Auer, Fadel and Legros",428,"2023-02-07 05:42:48",1
"Alysa Kuhlman",scottie87@example.org,5,Carroll-Goldner,756,"2023-02-07 05:42:48",2
"Charles Daniel",ernestina.corkery@example.com,5,"Barrows PLC",588,"2023-02-07 05:42:48",3
"Benedict Stark",madaline28@example.org,2.5,"Brekke, Kuvalis and Beatty",996,"2023-02-07 05:42:48",2
"Mervin Klocko",dframi@example.net,5,Carroll-Goldner,638,"2023-02-07 05:42:48",3
"Sandra Farrell",jrutherford@example.org,5,Klocko-Mohr,225,"2023-02-07 05:42:48",1
"Parker Altenwerth",barrows.casimir@example.org,1.5,"O'Reilly, Crona and Runolfsson",371,"2023-02-07 05:42:48",1
"Sandra Farrell",jrutherford@example.org,4,Walker-Collins,702,"2023-02-07 05:42:48",2
"Elisabeth Gleason",lionel76@example.org,4.5,Gislason-Erdman,198,"2023-02-07 05:42:48",2
"Peggie Weimann",tromp.brandi@example.org,3,"O'Reilly, Crona and Runolfsson",554,"2023-02-07 05:42:48",1
"Demond Becker",eleannon@example.net,3,"Dooley Inc",369,"2023-02-07 05:42:48",2
"Jaquelin Schimmel",predovic.delta@example.net,4.5,"Lindgren, Fritsch and Schiller",649,"2023-02-07 05:42:48",4
"Benedict Stark",madaline28@example.org,1,Reilly-Auer,485,"2023-02-07 05:42:48",4
"Super Admin",admin@trs.com,4,"Veum, Jacobi and Abshire",647,"2023-02-07 05:42:48",1
"Leanne Pfeffer",elsa04@example.org,1,"Bogan Inc",392,"2023-02-07 05:42:48",3
"Izaiah Sawayn",vandervort.josianne@example.org,2.5,"Bode, Cummerata and Keeling",581,"2023-02-07 05:42:48",2
"Lilliana Armstrong",bell.ledner@example.com,2.5,"Weber LLC",52,"2023-02-07 05:42:48",4
"Darryl Wuckert",jessie.bailey@example.org,4.5,"Rath, Glover and Mohr",67,"2023-02-07 05:42:48",1
"Darryl Wuckert",jessie.bailey@example.org,0.5,"Barrows PLC",103,"2023-02-07 05:42:48",4
"Jenifer Volkman",janet32@example.com,1.5,"Bechtelar Group",131,"2023-02-07 05:42:48",2
"Isaiah Torphy",price.richard@example.org,1.5,"Zieme PLC",843,"2023-02-07 05:42:48",4
"Randall Kreiger",lavon.kris@example.org,3,"Rath, Glover and Mohr",397,"2023-02-07 05:42:48",3
"Reinhold Wiza",cordie.hagenes@example.org,3.5,Adams-Volkman,904,"2023-02-07 05:42:48",2
"London Murphy",xfay@example.com,1,"Veum, Jacobi and Abshire",915,"2023-02-07 05:42:48",4
"Citlalli Johns",adelia96@example.org,1.5,"Beier, Sporer and Larson",775,"2023-02-07 05:42:48",3
"Mac Bahringer",krajcik.christina@example.org,3.5,"Auer, Fadel and Legros",698,"2023-02-07 05:42:48",3
"Loma Spencer",eldora.quitzon@example.org,2.5,"Dooley Inc",521,"2023-02-07 05:42:48",2
"Merl Kiehn",jmayert@example.net,3,"Rath, Glover and Mohr",395,"2023-02-07 05:42:48",4
"Destiney Haag",ustoltenberg@example.org,1,"Schiller PLC",348,"2023-02-07 05:42:48",3
"Ericka Wyman",fsporer@example.net,4,"Baumbach, Will and Reynolds",988,"2023-02-07 05:42:48",3
"Demond Becker",eleannon@example.net,1.5,Batz-Cronin,745,"2023-02-07 05:42:48",4
"Evalyn Runolfsson",kwhite@example.org,3,"Auer, Fadel and Legros",306,"2023-02-07 05:42:48",4
"Destiney Haag",ustoltenberg@example.org,2,"Bechtelar Group",962,"2023-02-07 05:42:48",1
"Amalia Rice",annamae.rau@example.org,4.5,Stehr-Conroy,874,"2023-02-07 05:42:48",4
"Shaina Beatty",ozella92@example.net,1.5,Stehr-Conroy,901,"2023-02-07 05:42:48",1
"Cortney Bode",erik.gulgowski@example.org,3.5,"Beier, Sporer and Larson",679,"2023-02-07 05:42:48",1
"Maynard Klein",anabelle46@example.org,4,"Quitzon Ltd",85,"2023-02-07 05:42:48",4
"Lottie Zulauf",ocartwright@example.net,2.5,Stehr-Conroy,911,"2023-02-07 05:42:48",4
"Mac Bahringer",krajcik.christina@example.org,2.5,Carroll-Goldner,670,"2023-02-07 05:42:48",1
"Alysa Kuhlman",scottie87@example.org,0.5,"Weber LLC",443,"2023-02-07 05:42:48",1
"Mervin Klocko",dframi@example.net,3,Adams-Volkman,551,"2023-02-07 05:42:48",2
"Demond Becker",eleannon@example.net,4.5,"Lindgren, Fritsch and Schiller",526,"2023-02-07 05:42:48",3
"Lavinia Aufderhar",rice.jeffrey@example.net,3,"Bechtelar Group",763,"2023-02-07 05:42:48",4
"Santina Grimes",graham.carrie@example.net,1.5,"Lehner PLC",660,"2023-02-07 05:42:48",2
"Elisabeth Gleason",lionel76@example.org,5,Berge-Swaniawski,898,"2023-02-07 05:42:48",4
"Timmy Legros",willms.reece@example.net,4.5,Adams-Volkman,148,"2023-02-07 05:42:48",2
"Parker Altenwerth",barrows.casimir@example.org,1.5,Klocko-Mohr,710,"2023-02-07 05:42:48",2
"Gillian Crist",sweber@example.net,2.5,"Willms PLC",925,"2023-02-07 05:42:48",3
"Charles Daniel",ernestina.corkery@example.com,4,Cormier-Brakus,690,"2023-02-07 05:42:48",1
"Lea Kuphal",kub.arvel@example.com,1,"Quitzon Ltd",434,"2023-02-07 05:42:48",3
"Jenifer Volkman",janet32@example.com,2.5,"Gorczany, Schmidt and Rau",266,"2023-02-07 05:42:48",3
"Evalyn Runolfsson",kwhite@example.org,3,Tromp-Keebler,884,"2023-02-07 05:42:48",4
"Maynard Klein",anabelle46@example.org,2.5,"Kuhn Group",592,"2023-02-07 05:42:48",4
"Lilliana Armstrong",bell.ledner@example.com,4.5,"Kuhn Group",868,"2023-02-07 05:42:48",1
"Jana Hettinger",johnston.willis@example.net,1.5,"Auer, Fadel and Legros",42,"2023-02-07 05:42:48",3
"Mariela Wunsch",rory.dare@example.net,4,Berge-Swaniawski,597,"2023-02-07 05:42:48",3
"Finance Manager",finance@trs.com,0.5,"Willms PLC",864,"2023-02-07 05:42:48",2
"Sandra Farrell",jrutherford@example.org,1,"Hegmann, O'Keefe and McDermott",147,"2023-02-07 05:42:48",1
"Maynard Klein",anabelle46@example.org,2.5,"Rempel, Nolan and Walker",106,"2023-02-07 05:42:48",4
"Evalyn Runolfsson",kwhite@example.org,2.5,"Veum, Jacobi and Abshire",669,"2023-02-07 05:42:48",3
"Elisabeth Gleason",lionel76@example.org,0.5,"Schiller PLC",945,"2023-02-07 05:42:48",1
"Jedediah Ankunding",shayne.zieme@example.net,0.5,"Bogan Inc",141,"2023-02-07 05:42:48",3
"Jedediah Ankunding",shayne.zieme@example.net,3,"Zieme PLC",217,"2023-02-07 05:42:48",2
"Lea Kuphal",kub.arvel@example.com,4.5,"Hirthe, Kshlerin and Buckridge",414,"2023-02-07 05:42:48",4
"Darryl Wuckert",jessie.bailey@example.org,2,"McClure and Sons",88,"2023-02-07 05:42:48",2
"Izaiah Sawayn",vandervort.josianne@example.org,1.5,Klocko-Mohr,449,"2023-02-07 05:42:48",4
"Reinhold Wiza",cordie.hagenes@example.org,0.5,"Kuhn Group",418,"2023-02-07 05:42:48",4
"Santina Grimes",graham.carrie@example.net,1,Tromp-Keebler,847,"2023-02-07 05:42:48",2
"Ericka Wyman",fsporer@example.net,2.5,Reilly-Auer,510,"2023-02-07 05:42:48",1
"Randall Kreiger",lavon.kris@example.org,1.5,Cormier-Brakus,534,"2023-02-07 05:42:48",3
"Citlalli Johns",adelia96@example.org,4.5,"Welch, Streich and Hahn",431,"2023-02-07 05:42:48",2
"Izaiah Sawayn",vandervort.josianne@example.org,0.5,"Lehner PLC",817,"2023-02-07 05:42:48",4
"Susana Cummerata",timmothy55@example.com,3,"Bode, Cummerata and Keeling",993,"2023-02-07 05:42:48",2
"Reinhold Wiza",cordie.hagenes@example.org,2.5,"Zieme PLC",482,"2023-02-07 05:42:48",3
"Mac Bahringer",krajcik.christina@example.org,3,"Langosh, Ruecker and Schuppe",447,"2023-02-07 05:42:48",2
"Destiney Haag",ustoltenberg@example.org,0.5,"Hirthe, Kshlerin and Buckridge",982,"2023-02-07 05:42:48",2
"Ericka Wyman",fsporer@example.net,3,"Zieme PLC",813,"2023-02-07 05:42:48",3
"Lottie Zulauf",ocartwright@example.net,5,"Veum, Jacobi and Abshire",634,"2023-02-07 05:42:48",1
"Gillian Crist",sweber@example.net,0.5,Cole-Koch,53,"2023-02-07 05:42:48",2
"Jana Hettinger",johnston.willis@example.net,0.5,Reilly-Auer,368,"2023-02-07 05:42:48",3
"Mac Bahringer",krajcik.christina@example.org,4,"Quitzon Ltd",14,"2023-02-07 05:42:48",1
"Merl Kiehn",jmayert@example.net,1,Batz-Cronin,390,"2023-02-07 05:42:48",4
"Susana Cummerata",timmothy55@example.com,5,"Jerde, Dietrich and Hane",776,"2023-02-07 05:42:48",1
"Jedediah Ankunding",shayne.zieme@example.net,1.5,"Hirthe, Kshlerin and Buckridge",261,"2023-02-07 05:42:48",2
"Peggie Weimann",tromp.brandi@example.org,4.5,"Zieme PLC",79,"2023-02-07 05:42:48",1
"Isaiah Torphy",price.richard@example.org,1,"Hegmann, O'Keefe and McDermott",964,"2023-02-07 05:42:48",2
"Jedediah Ankunding",shayne.zieme@example.net,2.5,"Beier, Sporer and Larson",975,"2023-02-07 05:42:48",2
"Elisabeth Gleason",lionel76@example.org,3.5,"Brekke, Kuvalis and Beatty",330,"2023-02-07 05:42:48",2
"Ericka Wyman",fsporer@example.net,3.5,"Rempel, Nolan and Walker",545,"2023-02-07 05:42:48",4
"Sandra Farrell",jrutherford@example.org,3,"Auer, Fadel and Legros",150,"2023-02-07 05:42:48",1
"Reinhold Wiza",cordie.hagenes@example.org,1.5,"Welch, Streich and Hahn",973,"2023-02-07 05:42:48",3
"Jenifer Volkman",janet32@example.com,1.5,Batz-Cronin,762,"2023-02-07 05:42:48",2
"Super Admin",admin@trs.com,4,Cole-Koch,578,"2023-02-07 05:42:48",1
"Jenifer Volkman",janet32@example.com,3.5,Reilly-Auer,123,"2023-02-07 05:42:48",1
"Sandra Farrell",jrutherford@example.org,3,"Weber LLC",997,"2023-02-07 05:42:48",3
"Ayana Harvey",kling.colt@example.com,0.5,Berge-Swaniawski,757,"2023-02-07 05:42:48",1
"Lilliana Armstrong",bell.ledner@example.com,0.5,"Kerluke Inc",607,"2023-02-07 05:42:48",3
"Alysa Kuhlman",scottie87@example.org,3,Klocko-Mohr,611,"2023-02-07 05:42:48",3
"Izaiah Sawayn",vandervort.josianne@example.org,3,"Abernathy Inc",175,"2023-02-07 05:42:48",2
"Mylene Larson",anderson.lindsay@example.com,3,Carroll-Goldner,968,"2023-02-07 05:42:48",3
"Ericka Wyman",fsporer@example.net,2,Berge-Swaniawski,961,"2023-02-07 05:42:48",3
"Jana Hettinger",johnston.willis@example.net,5,"Kerluke Inc",890,"2023-02-07 05:42:48",3
"Reinhold Wiza",cordie.hagenes@example.org,4.5,Batz-Cronin,712,"2023-02-07 05:42:48",4
"Domenic Gusikowski",mccullough.abbie@example.com,3.5,"O'Reilly, Crona and Runolfsson",912,"2023-02-07 05:42:48",4
"Super Admin",admin@trs.com,2,Batz-Cronin,125,"2023-02-07 05:42:48",3
"Mac Bahringer",krajcik.christina@example.org,3.5,"Quitzon Ltd",563,"2023-02-07 05:42:48",3
"Citlalli Johns",adelia96@example.org,4,"Bode, Cummerata and Keeling",664,"2023-02-07 05:42:48",2
"Charles Daniel",ernestina.corkery@example.com,0.5,"Hegmann, O'Keefe and McDermott",892,"2023-02-07 05:42:48",1
"Nolan Metz",vonrueden.judson@example.com,1,Cole-Koch,522,"2023-02-07 05:42:48",2
"Mylene Larson",anderson.lindsay@example.com,4,Heathcote-Bogisich,542,"2023-02-07 05:42:48",1
"Izaiah Sawayn",vandervort.josianne@example.org,0.5,Berge-Swaniawski,897,"2023-02-07 05:42:48",1
"Citlalli Johns",adelia96@example.org,5,"Rath, Glover and Mohr",617,"2023-02-07 05:42:48",4
"Leanne Pfeffer",elsa04@example.org,5,"Zieme PLC",828,"2023-02-07 05:42:48",3
"Lottie Zulauf",ocartwright@example.net,3,"Kuhn Group",271,"2023-02-07 05:42:48",4
"Susana Cummerata",timmothy55@example.com,3,"Cole Inc",539,"2023-02-07 05:42:48",4
"Mervin Klocko",dframi@example.net,0.5,Gislason-Erdman,605,"2023-02-07 05:42:48",1
"Esperanza Emard",yost.marlene@example.net,3,"Hegmann, O'Keefe and McDermott",680,"2023-02-07 05:42:48",2
"London Murphy",xfay@example.com,5,"Turner Inc",820,"2023-02-07 05:42:48",3
"Gillian Crist",sweber@example.net,1,"Lindgren, Fritsch and Schiller",640,"2023-02-07 05:42:48",3
"Super Admin",admin@trs.com,3.5,Carroll-Goldner,138,"2023-02-07 05:42:48",1
"Maudie Kling",stroman.rosalind@example.com,0.5,Heathcote-Bogisich,808,"2023-02-07 05:42:48",1
"Demond Becker",eleannon@example.net,3.5,"Schiller PLC",927,"2023-02-07 05:42:48",2
"Ayana Harvey",kling.colt@example.com,4.5,"Hegmann, O'Keefe and McDermott",727,"2023-02-07 05:42:48",3
"Alysa Kuhlman",scottie87@example.org,2,"Barrows PLC",241,"2023-02-07 05:42:48",1
"Nolan Metz",vonrueden.judson@example.com,1.5,Adams-Volkman,503,"2023-02-07 05:42:48",4
"Merl Kiehn",jmayert@example.net,0.5,"Weber LLC",416,"2023-02-07 05:42:48",2
"Domenic Gusikowski",mccullough.abbie@example.com,3,Stehr-Conroy,907,"2023-02-07 05:42:48",3
"Finance Manager",finance@trs.com,4.5,"Langosh, Ruecker and Schuppe",754,"2023-02-07 05:42:48",1
"Mylene Larson",anderson.lindsay@example.com,1,"Weber LLC",190,"2023-02-07 05:42:48",1
"Lavinia Aufderhar",rice.jeffrey@example.net,0.5,"Rempel, Nolan and Walker",632,"2023-02-07 05:42:48",2
"Haley Waters",carmen63@example.org,1,"Lindgren, Fritsch and Schiller",383,"2023-02-07 05:42:48",2
"Parker Altenwerth",barrows.casimir@example.org,4,"Batz LLC",948,"2023-02-07 05:42:48",1
"Jaquelin Schimmel",predovic.delta@example.net,2.5,"Welch, Streich and Hahn",375,"2023-02-07 05:42:48",4
"Jaquelin Schimmel",predovic.delta@example.net,5,Cormier-Brakus,633,"2023-02-07 05:42:48",3
"Ericka Wyman",fsporer@example.net,3,Lindgren-Price,537,"2023-02-07 05:42:48",1
"Lilliana Armstrong",bell.ledner@example.com,4,"Bogan Inc",929,"2023-02-07 05:42:48",4
"Darryl Wuckert",jessie.bailey@example.org,1,"Dooley Group",19,"2023-02-07 05:42:48",1
"Jana Hettinger",johnston.willis@example.net,0.5,Batz-Cronin,989,"2023-02-07 05:42:48",4
"Parker Altenwerth",barrows.casimir@example.org,3.5,"Hegmann, O'Keefe and McDermott",193,"2023-02-07 05:42:48",2
"Sandra Farrell",jrutherford@example.org,2.5,"Hirthe, Kshlerin and Buckridge",323,"2023-02-07 05:42:48",2
"Maudie Kling",stroman.rosalind@example.com,1.5,Stehr-Conroy,327,"2023-02-07 05:42:48",4
"London Murphy",xfay@example.com,5,Heathcote-Bogisich,796,"2023-02-07 05:42:48",1
"Shaina Beatty",ozella92@example.net,2.5,"Brekke, Kuvalis and Beatty",825,"2023-02-07 05:42:48",4
"Maynard Klein",anabelle46@example.org,2,"Baumbach, Will and Reynolds",586,"2023-02-07 05:42:48",4
"Timmy Legros",willms.reece@example.net,5,Reilly-Auer,207,"2023-02-07 05:42:48",4
"Nolan Metz",vonrueden.judson@example.com,3.5,"Jerde, Dietrich and Hane",221,"2023-02-07 05:42:48",1
"Lottie Zulauf",ocartwright@example.net,0.5,Klocko-Mohr,571,"2023-02-07 05:42:48",3
"Parker Altenwerth",barrows.casimir@example.org,5,"Brekke, Kuvalis and Beatty",226,"2023-02-07 05:42:48",2
"Trystan Abernathy",mafalda70@example.org,4,Cole-Koch,84,"2023-02-07 05:42:48",2
"Lottie Zulauf",ocartwright@example.net,4.5,Walker-Collins,849,"2023-02-07 05:42:48",2
"Mariela Wunsch",rory.dare@example.net,0.5,Walker-Collins,533,"2023-02-07 05:42:48",3
"Sandra Farrell",jrutherford@example.org,2.5,"Willms PLC",781,"2023-02-07 05:42:48",4
"Gillian Crist",sweber@example.net,4.5,Walker-Collins,259,"2023-02-07 05:42:48",3
"Maynard Klein",anabelle46@example.org,5,Klocko-Mohr,398,"2023-02-07 05:42:48",4
"Haley Waters",carmen63@example.org,3,Cormier-Brakus,429,"2023-02-07 05:42:48",1
"Peggie Weimann",tromp.brandi@example.org,3,Cole-Koch,738,"2023-02-07 05:42:48",3
"Oda Stark",brielle.predovic@example.com,3.5,"Quitzon Ltd",621,"2023-02-07 05:42:48",1
"Haley Waters",carmen63@example.org,4.5,Berge-Swaniawski,940,"2023-02-07 05:42:48",2
"Peggie Weimann",tromp.brandi@example.org,1,Klocko-Mohr,305,"2023-02-07 05:42:48",1
"Trystan Abernathy",mafalda70@example.org,3,"Jerde, Dietrich and Hane",156,"2023-02-07 05:42:48",3
"Santina Grimes",graham.carrie@example.net,0.5,Stehr-Conroy,22,"2023-02-07 05:42:48",2
"Evalyn Runolfsson",kwhite@example.org,2.5,"Bode, Cummerata and Keeling",30,"2023-02-07 05:42:48",3
"Haley Waters",carmen63@example.org,2,"Jerde, Dietrich and Hane",576,"2023-02-07 05:42:48",1
"Lottie Zulauf",ocartwright@example.net,1.5,"McClure and Sons",603,"2023-02-07 05:42:48",3
"Citlalli Johns",adelia96@example.org,3,"McClure and Sons",70,"2023-02-07 05:42:48",3
"Izaiah Sawayn",vandervort.josianne@example.org,3,"Kerluke Inc",9,"2023-02-07 05:42:48",2
"Gillian Crist",sweber@example.net,4,"Willms PLC",180,"2023-02-07 05:42:48",4
"Merl Kiehn",jmayert@example.net,4,Klocko-Mohr,66,"2023-02-07 05:42:48",1
"Super Admin",admin@trs.com,5,"Jakubowski, Lang and Rosenbaum",513,"2023-02-07 05:42:48",5
"Evalyn Runolfsson",kwhite@example.org,4.5,"Turner Inc",777,"2023-02-07 05:42:48",2
"Ayana Harvey",kling.colt@example.com,1,"Batz LLC",361,"2023-02-07 05:42:48",3
"Ayana Harvey",kling.colt@example.com,4,"Lindgren, Fritsch and Schiller",54,"2023-02-07 05:42:48",4
"Benedict Stark",madaline28@example.org,3.5,Berge-Swaniawski,802,"2023-02-07 05:42:48",3
"Data Operator",data@trs.com,3,"Zieme PLC",902,"2023-02-07 05:42:48",1
"Finance Manager",finance@trs.com,4.5,"Cole Inc",265,"2023-02-07 05:42:48",4
"Randall Kreiger",lavon.kris@example.org,3.5,Klocko-Mohr,779,"2023-02-07 05:42:48",3
"Reinhold Wiza",cordie.hagenes@example.org,1,Cole-Koch,644,"2023-02-07 05:42:48",4
"Loma Spencer",eldora.quitzon@example.org,1.5,Berge-Swaniawski,515,"2023-02-07 05:42:48",2
"Isaiah Torphy",price.richard@example.org,2.5,"Kuhn Group",753,"2023-02-07 05:42:48",4
"Oda Stark",brielle.predovic@example.com,4.5,Reilly-Auer,519,"2023-02-07 05:42:48",4
"Charles Daniel",ernestina.corkery@example.com,2.5,"Bode, Cummerata and Keeling",977,"2023-02-07 05:42:48",3
"Lavinia Aufderhar",rice.jeffrey@example.net,2,"Batz LLC",697,"2023-02-07 05:42:48",3
"Izaiah Sawayn",vandervort.josianne@example.org,5,"Welch, Streich and Hahn",48,"2023-02-07 05:42:48",1
"Isaiah Torphy",price.richard@example.org,3,"Schiller PLC",304,"2023-02-07 05:42:48",2
"London Murphy",xfay@example.com,5,"Dooley Group",615,"2023-02-07 05:42:48",4
"Jedediah Ankunding",shayne.zieme@example.net,4,"Cole Inc",517,"2023-02-07 05:42:48",4
"Merl Kiehn",jmayert@example.net,1,"Batz LLC",486,"2023-02-07 05:42:48",1
"Lottie Zulauf",ocartwright@example.net,1.5,"Rempel, Nolan and Walker",5,"2023-02-07 05:42:48",3
"Maynard Klein",anabelle46@example.org,1.5,Batz-Cronin,839,"2023-02-07 05:42:48",1
"Lea Kuphal",kub.arvel@example.com,4,"Quitzon Ltd",199,"2023-02-07 05:42:48",1
"Lottie Zulauf",ocartwright@example.net,1.5,"Abernathy Inc",475,"2023-02-07 05:42:48",1
"Merl Kiehn",jmayert@example.net,2,"Dooley Inc",303,"2023-02-07 05:42:48",2
"Alysa Kuhlman",scottie87@example.org,5,"Langosh, Ruecker and Schuppe",731,"2023-02-07 05:42:48",1
